PublishTime,BusinessType,PsrType,Quantity,StartTime,SettlementDate,SettlementPeriod
2020-01-19T00:58:10Z,Wind generation,Wind Onshore,2358.132,2020-01-18T23:30:00Z,2020-01-18,48
2020-01-19T00:58:10Z,Wind generation,Wind Offshore,3747.083,2020-01-18T23:30:00Z,2020-01-18,48
2020-01-19T00:58:10Z,Solar generation,Solar,0.000,2020-01-18T23:30:00Z,2020-01-18,48
2020-01-19T00:28:09Z,Wind generation,Wind Onshore,2279.080,2020-01-18T23:00:00Z,2020-01-18,47
2020-01-19T00:28:09Z,Wind generation,Wind Offshore,3682.474,2020-01-18T23:00:00Z,2020-01-18,47
2020-01-19T00:28:09Z,Solar generation,Solar,0.000,2020-01-18T23:00:00Z,2020-01-18,47
2020-01-18T23:58:09Z,Wind generation,Wind Onshore,2254.161,2020-01-18T22:30:00Z,2020-01-18,46
2020-01-18T23:58:09Z,Wind generation,Wind Offshore,3781.683,2020-01-18T22:30:00Z,2020-01-18,46
2020-01-18T23:58:09Z,Solar generation,Solar,0.000,2020-01-18T22:30:00Z,2020-01-18,46
2020-01-18T23:28:09Z,Wind generation,Wind Onshore,2349.949,2020-01-18T22:00:00Z,2020-01-18,45
2020-01-18T23:28:09Z,Wind generation,Wind Offshore,4154.407,2020-01-18T22:00:00Z,2020-01-18,45
2020-01-18T23:28:09Z,Solar generation,Solar,0.000,2020-01-18T22:00:00Z,2020-01-18,45
2020-01-18T22:58:09Z,Wind generation,Wind Onshore,2372.931,2020-01-18T21:30:00Z,2020-01-18,44
2020-01-18T22:58:09Z,Wind generation,Wind Offshore,4113.993,2020-01-18T21:30:00Z,2020-01-18,44
2020-01-18T22:58:09Z,Solar generation,Solar,0.000,2020-01-18T21:30:00Z,2020-01-18,44
2020-01-18T22:28:09Z,Wind generation,Wind Onshore,2460.323,2020-01-18T21:00:00Z,2020-01-18,43
2020-01-18T22:28:09Z,Wind generation,Wind Offshore,4007.187,2020-01-18T21:00:00Z,2020-01-18,43
2020-01-18T22:28:09Z,Solar generation,Solar,0.000,2020-01-18T21:00:00Z,2020-01-18,43
2020-01-18T21:58:09Z,Wind generation,Wind Onshore,2614.782,2020-01-18T20:30:00Z,2020-01-18,42
2020-01-18T21:58:09Z,Wind generation,Wind Offshore,3974.683,2020-01-18T20:30:00Z,2020-01-18,42
2020-01-18T21:58:09Z,Solar generation,Solar,0.000,2020-01-18T20:30:00Z,2020-01-18,42
2020-01-18T21:28:10Z,Wind generation,Wind Onshore,2834.106,2020-01-18T20:00:00Z,2020-01-18,41
2020-01-18T21:28:10Z,Wind generation,Wind Offshore,3896.878,2020-01-18T20:00:00Z,2020-01-18,41
2020-01-18T21:28:10Z,Solar generation,Solar,0.000,2020-01-18T20:00:00Z,2020-01-18,41
2020-01-18T20:58:08Z,Wind generation,Wind Onshore,2910.886,2020-01-18T19:30:00Z,2020-01-18,40
2020-01-18T20:58:08Z,Wind generation,Wind Offshore,3410.884,2020-01-18T19:30:00Z,2020-01-18,40
2020-01-18T20:58:08Z,Solar generation,Solar,0.000,2020-01-18T19:30:00Z,2020-01-18,40
2020-01-18T20:28:09Z,Wind generation,Wind Onshore,3075.078,2020-01-18T19:00:00Z,2020-01-18,39
2020-01-18T20:28:09Z,Wind generation,Wind Offshore,3362.434,2020-01-18T19:00:00Z,2020-01-18,39
2020-01-18T20:28:09Z,Solar generation,Solar,0.000,2020-01-18T19:00:00Z,2020-01-18,39
2020-01-18T19:58:09Z,Wind generation,Wind Onshore,3262.790,2020-01-18T18:30:00Z,2020-01-18,38
2020-01-18T19:58:09Z,Wind generation,Wind Offshore,3585.350,2020-01-18T18:30:00Z,2020-01-18,38
2020-01-18T19:58:09Z,Solar generation,Solar,1.000,2020-01-18T18:30:00Z,2020-01-18,38
2020-01-18T19:28:09Z,Wind generation,Wind Onshore,3174.609,2020-01-18T18:00:00Z,2020-01-18,37
2020-01-18T19:28:09Z,Wind generation,Wind Offshore,3459.543,2020-01-18T18:00:00Z,2020-01-18,37
2020-01-18T19:28:09Z,Solar generation,Solar,2.000,2020-01-18T18:00:00Z,2020-01-18,37
2020-01-18T18:58:09Z,Wind generation,Wind Onshore,3119.045,2020-01-18T17:30:00Z,2020-01-18,36
2020-01-18T18:58:09Z,Wind generation,Wind Offshore,3626.794,2020-01-18T17:30:00Z,2020-01-18,36
2020-01-18T18:58:09Z,Solar generation,Solar,1.000,2020-01-18T17:30:00Z,2020-01-18,36
2020-01-18T18:28:10Z,Wind generation,Wind Onshore,3141.977,2020-01-18T17:00:00Z,2020-01-18,35
2020-01-18T18:28:10Z,Wind generation,Wind Offshore,3573.206,2020-01-18T17:00:00Z,2020-01-18,35
2020-01-18T18:28:10Z,Solar generation,Solar,1.000,2020-01-18T17:00:00Z,2020-01-18,35
2020-01-18T17:58:08Z,Wind generation,Wind Onshore,3050.541,2020-01-18T16:30:00Z,2020-01-18,34
2020-01-18T17:58:08Z,Wind generation,Wind Offshore,3575.921,2020-01-18T16:30:00Z,2020-01-18,34
2020-01-18T17:58:08Z,Solar generation,Solar,6.000,2020-01-18T16:30:00Z,2020-01-18,34
2020-01-18T17:28:10Z,Wind generation,Wind Onshore,3069.718,2020-01-18T16:00:00Z,2020-01-18,33
2020-01-18T17:28:10Z,Wind generation,Wind Offshore,3491.535,2020-01-18T16:00:00Z,2020-01-18,33
2020-01-18T17:28:10Z,Solar generation,Solar,106.000,2020-01-18T16:00:00Z,2020-01-18,33
2020-01-18T16:58:09Z,Wind generation,Wind Onshore,3129.464,2020-01-18T15:30:00Z,2020-01-18,32
2020-01-18T16:58:09Z,Wind generation,Wind Offshore,3559.702,2020-01-18T15:30:00Z,2020-01-18,32
2020-01-18T16:58:09Z,Solar generation,Solar,508.000,2020-01-18T15:30:00Z,2020-01-18,32
2020-01-18T16:28:10Z,Wind generation,Wind Onshore,3336.269,2020-01-18T15:00:00Z,2020-01-18,31
2020-01-18T16:28:10Z,Wind generation,Wind Offshore,3747.547,2020-01-18T15:00:00Z,2020-01-18,31
2020-01-18T16:28:10Z,Solar generation,Solar,1140.000,2020-01-18T15:00:00Z,2020-01-18,31
2020-01-18T15:58:09Z,Wind generation,Wind Onshore,3683.681,2020-01-18T14:30:00Z,2020-01-18,30
2020-01-18T15:58:09Z,Wind generation,Wind Offshore,3872.776,2020-01-18T14:30:00Z,2020-01-18,30
2020-01-18T15:58:09Z,Solar generation,Solar,1810.000,2020-01-18T14:30:00Z,2020-01-18,30
2020-01-18T15:28:10Z,Wind generation,Wind Onshore,3875.833,2020-01-18T14:00:00Z,2020-01-18,29
2020-01-18T15:28:10Z,Wind generation,Wind Offshore,4050.396,2020-01-18T14:00:00Z,2020-01-18,29
2020-01-18T15:28:10Z,Solar generation,Solar,2520.000,2020-01-18T14:00:00Z,2020-01-18,29
2020-01-18T14:58:09Z,Wind generation,Wind Onshore,3922.862,2020-01-18T13:30:00Z,2020-01-18,28
2020-01-18T14:58:09Z,Wind generation,Wind Offshore,4013.279,2020-01-18T13:30:00Z,2020-01-18,28
2020-01-18T14:58:09Z,Solar generation,Solar,3260.000,2020-01-18T13:30:00Z,2020-01-18,28
2020-01-18T14:28:10Z,Wind generation,Wind Onshore,3846.883,2020-01-18T13:00:00Z,2020-01-18,27
2020-01-18T14:28:10Z,Wind generation,Wind Offshore,3890.053,2020-01-18T13:00:00Z,2020-01-18,27
2020-01-18T14:28:10Z,Solar generation,Solar,3780.000,2020-01-18T13:00:00Z,2020-01-18,27
2020-01-18T13:58:09Z,Wind generation,Wind Onshore,3809.850,2020-01-18T12:30:00Z,2020-01-18,26
2020-01-18T13:58:09Z,Wind generation,Wind Offshore,4014.711,2020-01-18T12:30:00Z,2020-01-18,26
2020-01-18T13:58:09Z,Solar generation,Solar,4160.000,2020-01-18T12:30:00Z,2020-01-18,26
2020-01-18T13:28:10Z,Wind generation,Wind Onshore,3712.657,2020-01-18T12:00:00Z,2020-01-18,25
2020-01-18T13:28:10Z,Wind generation,Wind Offshore,4390.152,2020-01-18T12:00:00Z,2020-01-18,25
2020-01-18T13:28:10Z,Solar generation,Solar,4320.000,2020-01-18T12:00:00Z,2020-01-18,25
2020-01-18T12:58:09Z,Wind generation,Wind Onshore,3787.120,2020-01-18T11:30:00Z,2020-01-18,24
2020-01-18T12:58:09Z,Wind generation,Wind Offshore,4524.669,2020-01-18T11:30:00Z,2020-01-18,24
2020-01-18T12:58:09Z,Solar generation,Solar,4230.000,2020-01-18T11:30:00Z,2020-01-18,24
2020-01-18T12:28:09Z,Wind generation,Wind Onshore,3755.430,2020-01-18T11:00:00Z,2020-01-18,23
2020-01-18T12:28:09Z,Wind generation,Wind Offshore,4732.090,2020-01-18T11:00:00Z,2020-01-18,23
2020-01-18T12:28:09Z,Solar generation,Solar,3920.000,2020-01-18T11:00:00Z,2020-01-18,23
2020-01-18T11:58:09Z,Wind generation,Wind Onshore,3991.785,2020-01-18T10:30:00Z,2020-01-18,22
2020-01-18T11:58:09Z,Wind generation,Wind Offshore,4673.678,2020-01-18T10:30:00Z,2020-01-18,22
2020-01-18T11:58:09Z,Solar generation,Solar,3490.000,2020-01-18T10:30:00Z,2020-01-18,22
2020-01-18T11:28:09Z,Wind generation,Wind Onshore,4072.672,2020-01-18T10:00:00Z,2020-01-18,21
2020-01-18T11:28:09Z,Wind generation,Wind Offshore,4940.917,2020-01-18T10:00:00Z,2020-01-18,21
2020-01-18T11:28:09Z,Solar generation,Solar,2890.000,2020-01-18T10:00:00Z,2020-01-18,21
2020-01-18T10:58:09Z,Wind generation,Wind Onshore,4122.198,2020-01-18T09:30:00Z,2020-01-18,20
2020-01-18T10:58:09Z,Wind generation,Wind Offshore,5033.935,2020-01-18T09:30:00Z,2020-01-18,20
2020-01-18T10:58:09Z,Solar generation,Solar,2040.000,2020-01-18T09:30:00Z,2020-01-18,20
2020-01-18T10:28:09Z,Wind generation,Wind Onshore,4130.553,2020-01-18T09:00:00Z,2020-01-18,19
2020-01-18T10:28:09Z,Wind generation,Wind Offshore,5031.469,2020-01-18T09:00:00Z,2020-01-18,19
2020-01-18T10:28:09Z,Solar generation,Solar,1240.000,2020-01-18T09:00:00Z,2020-01-18,19
2020-01-18T09:58:09Z,Wind generation,Wind Onshore,4259.287,2020-01-18T08:30:00Z,2020-01-18,18
2020-01-18T09:58:09Z,Wind generation,Wind Offshore,4959.505,2020-01-18T08:30:00Z,2020-01-18,18
2020-01-18T09:58:09Z,Solar generation,Solar,485.000,2020-01-18T08:30:00Z,2020-01-18,18
2020-01-18T09:28:10Z,Wind generation,Wind Onshore,4307.914,2020-01-18T08:00:00Z,2020-01-18,17
2020-01-18T09:28:10Z,Wind generation,Wind Offshore,4871.426,2020-01-18T08:00:00Z,2020-01-18,17
2020-01-18T09:28:10Z,Solar generation,Solar,55.000,2020-01-18T08:00:00Z,2020-01-18,17
2020-01-18T08:58:10Z,Wind generation,Wind Onshore,4415.713,2020-01-18T07:30:00Z,2020-01-18,16
2020-01-18T08:58:10Z,Wind generation,Wind Offshore,4730.628,2020-01-18T07:30:00Z,2020-01-18,16
2020-01-18T08:58:10Z,Solar generation,Solar,0.000,2020-01-18T07:30:00Z,2020-01-18,16
2020-01-18T08:28:10Z,Wind generation,Wind Onshore,4471.777,2020-01-18T07:00:00Z,2020-01-18,15
2020-01-18T08:28:10Z,Wind generation,Wind Offshore,4877.390,2020-01-18T07:00:00Z,2020-01-18,15
2020-01-18T08:28:10Z,Solar generation,Solar,0.000,2020-01-18T07:00:00Z,2020-01-18,15
2020-01-18T07:58:09Z,Wind generation,Wind Onshore,4482.748,2020-01-18T06:30:00Z,2020-01-18,14
2020-01-18T07:58:09Z,Wind generation,Wind Offshore,4852.630,2020-01-18T06:30:00Z,2020-01-18,14
2020-01-18T07:58:09Z,Solar generation,Solar,0.000,2020-01-18T06:30:00Z,2020-01-18,14
2020-01-18T07:28:10Z,Wind generation,Wind Onshore,4454.153,2020-01-18T06:00:00Z,2020-01-18,13
2020-01-18T07:28:10Z,Wind generation,Wind Offshore,5138.866,2020-01-18T06:00:00Z,2020-01-18,13
2020-01-18T07:28:10Z,Solar generation,Solar,0.000,2020-01-18T06:00:00Z,2020-01-18,13
2020-01-18T06:58:11Z,Wind generation,Wind Onshore,4370.542,2020-01-18T05:30:00Z,2020-01-18,12
2020-01-18T06:58:11Z,Wind generation,Wind Offshore,5122.569,2020-01-18T05:30:00Z,2020-01-18,12
2020-01-18T06:58:11Z,Solar generation,Solar,0.000,2020-01-18T05:30:00Z,2020-01-18,12
2020-01-18T06:28:10Z,Wind generation,Wind Onshore,4586.699,2020-01-18T05:00:00Z,2020-01-18,11
2020-01-18T06:28:10Z,Wind generation,Wind Offshore,5072.989,2020-01-18T05:00:00Z,2020-01-18,11
2020-01-18T06:28:10Z,Solar generation,Solar,0.000,2020-01-18T05:00:00Z,2020-01-18,11
2020-01-18T05:58:09Z,Wind generation,Wind Onshore,4501.874,2020-01-18T04:30:00Z,2020-01-18,10
2020-01-18T05:58:09Z,Wind generation,Wind Offshore,5278.433,2020-01-18T04:30:00Z,2020-01-18,10
2020-01-18T05:58:09Z,Solar generation,Solar,0.000,2020-01-18T04:30:00Z,2020-01-18,10
2020-01-18T05:28:10Z,Wind generation,Wind Onshore,4631.613,2020-01-18T04:00:00Z,2020-01-18,9
2020-01-18T05:28:10Z,Wind generation,Wind Offshore,5109.832,2020-01-18T04:00:00Z,2020-01-18,9
2020-01-18T05:28:10Z,Solar generation,Solar,0.000,2020-01-18T04:00:00Z,2020-01-18,9
2020-01-18T04:58:09Z,Wind generation,Wind Onshore,4500.331,2020-01-18T03:30:00Z,2020-01-18,8
2020-01-18T04:58:09Z,Wind generation,Wind Offshore,5350.278,2020-01-18T03:30:00Z,2020-01-18,8
2020-01-18T04:58:09Z,Solar generation,Solar,0.000,2020-01-18T03:30:00Z,2020-01-18,8
2020-01-18T04:28:10Z,Wind generation,Wind Onshore,4519.032,2020-01-18T03:00:00Z,2020-01-18,7
2020-01-18T04:28:10Z,Wind generation,Wind Offshore,5447.459,2020-01-18T03:00:00Z,2020-01-18,7
2020-01-18T04:28:10Z,Solar generation,Solar,0.000,2020-01-18T03:00:00Z,2020-01-18,7
2020-01-18T03:58:10Z,Wind generation,Wind Onshore,4534.945,2020-01-18T02:30:00Z,2020-01-18,6
2020-01-18T03:58:10Z,Wind generation,Wind Offshore,5604.264,2020-01-18T02:30:00Z,2020-01-18,6
2020-01-18T03:58:10Z,Solar generation,Solar,0.000,2020-01-18T02:30:00Z,2020-01-18,6
2020-01-18T03:28:10Z,Wind generation,Wind Onshore,4797.844,2020-01-18T02:00:00Z,2020-01-18,5
2020-01-18T03:28:10Z,Wind generation,Wind Offshore,5680.568,2020-01-18T02:00:00Z,2020-01-18,5
2020-01-18T03:28:10Z,Solar generation,Solar,0.000,2020-01-18T02:00:00Z,2020-01-18,5
2020-01-18T02:58:09Z,Wind generation,Wind Onshore,4985.879,2020-01-18T01:30:00Z,2020-01-18,4
2020-01-18T02:58:09Z,Wind generation,Wind Offshore,5605.735,2020-01-18T01:30:00Z,2020-01-18,4
2020-01-18T02:58:09Z,Solar generation,Solar,0.000,2020-01-18T01:30:00Z,2020-01-18,4
2020-01-18T02:28:10Z,Wind generation,Wind Onshore,4919.299,2020-01-18T01:00:00Z,2020-01-18,3
2020-01-18T02:28:10Z,Wind generation,Wind Offshore,5268.344,2020-01-18T01:00:00Z,2020-01-18,3
2020-01-18T02:28:10Z,Solar generation,Solar,0.000,2020-01-18T01:00:00Z,2020-01-18,3
2020-01-18T01:58:08Z,Wind generation,Wind Onshore,5157.255,2020-01-18T00:30:00Z,2020-01-18,2
2020-01-18T01:58:08Z,Wind generation,Wind Offshore,5340.060,2020-01-18T00:30:00Z,2020-01-18,2
2020-01-18T01:58:08Z,Solar generation,Solar,0.000,2020-01-18T00:30:00Z,2020-01-18,2
2020-01-18T01:28:09Z,Wind generation,Wind Onshore,5156.280,2020-01-18T00:00:00Z,2020-01-18,1
2020-01-18T01:28:09Z,Wind generation,Wind Offshore,5235.371,2020-01-18T00:00:00Z,2020-01-18,1
2020-01-18T01:28:09Z,Solar generation,Solar,0.000,2020-01-18T00:00:00Z,2020-01-18,1
2020-01-18T00:58:10Z,Wind generation,Wind Onshore,5081.849,2020-01-17T23:30:00Z,2020-01-17,48
2020-01-18T00:58:10Z,Wind generation,Wind Offshore,5502.898,2020-01-17T23:30:00Z,2020-01-17,48
2020-01-18T00:58:10Z,Solar generation,Solar,0.000,2020-01-17T23:30:00Z,2020-01-17,48
2020-01-18T00:28:09Z,Wind generation,Wind Onshore,5208.932,2020-01-17T23:00:00Z,2020-01-17,47
2020-01-18T00:28:09Z,Wind generation,Wind Offshore,5629.220,2020-01-17T23:00:00Z,2020-01-17,47
2020-01-18T00:28:09Z,Solar generation,Solar,0.000,2020-01-17T23:00:00Z,2020-01-17,47
2020-01-17T23:58:09Z,Wind generation,Wind Onshore,5306.159,2020-01-17T22:30:00Z,2020-01-17,46
2020-01-17T23:58:09Z,Wind generation,Wind Offshore,5569.035,2020-01-17T22:30:00Z,2020-01-17,46
2020-01-17T23:58:09Z,Solar generation,Solar,0.000,2020-01-17T22:30:00Z,2020-01-17,46
2020-01-17T23:28:09Z,Wind generation,Wind Onshore,5169.774,2020-01-17T22:00:00Z,2020-01-17,45
2020-01-17T23:28:09Z,Wind generation,Wind Offshore,5477.222,2020-01-17T22:00:00Z,2020-01-17,45
2020-01-17T23:28:09Z,Solar generation,Solar,0.000,2020-01-17T22:00:00Z,2020-01-17,45
2020-01-17T22:58:09Z,Wind generation,Wind Onshore,5159.238,2020-01-17T21:30:00Z,2020-01-17,44
2020-01-17T22:58:09Z,Wind generation,Wind Offshore,5610.944,2020-01-17T21:30:00Z,2020-01-17,44
2020-01-17T22:58:09Z,Solar generation,Solar,0.000,2020-01-17T21:30:00Z,2020-01-17,44
2020-01-17T22:28:09Z,Wind generation,Wind Onshore,5067.968,2020-01-17T21:00:00Z,2020-01-17,43
2020-01-17T22:28:09Z,Wind generation,Wind Offshore,5528.256,2020-01-17T21:00:00Z,2020-01-17,43
2020-01-17T22:28:09Z,Solar generation,Solar,0.000,2020-01-17T21:00:00Z,2020-01-17,43
2020-01-17T21:58:09Z,Wind generation,Wind Onshore,5045.383,2020-01-17T20:30:00Z,2020-01-17,42
2020-01-17T21:58:09Z,Wind generation,Wind Offshore,5583.376,2020-01-17T20:30:00Z,2020-01-17,42
2020-01-17T21:58:09Z,Solar generation,Solar,0.000,2020-01-17T20:30:00Z,2020-01-17,42
2020-01-17T21:28:09Z,Wind generation,Wind Onshore,5189.777,2020-01-17T20:00:00Z,2020-01-17,41
2020-01-17T21:28:09Z,Wind generation,Wind Offshore,5630.521,2020-01-17T20:00:00Z,2020-01-17,41
2020-01-17T21:28:09Z,Solar generation,Solar,0.000,2020-01-17T20:00:00Z,2020-01-17,41
2020-01-17T20:58:09Z,Wind generation,Wind Onshore,5172.281,2020-01-17T19:30:00Z,2020-01-17,40
2020-01-17T20:58:09Z,Wind generation,Wind Offshore,5493.613,2020-01-17T19:30:00Z,2020-01-17,40
2020-01-17T20:58:09Z,Solar generation,Solar,0.000,2020-01-17T19:30:00Z,2020-01-17,40
2020-01-17T20:28:09Z,Wind generation,Wind Onshore,5327.406,2020-01-17T19:00:00Z,2020-01-17,39
2020-01-17T20:28:09Z,Wind generation,Wind Offshore,5386.703,2020-01-17T19:00:00Z,2020-01-17,39
2020-01-17T20:28:09Z,Solar generation,Solar,0.000,2020-01-17T19:00:00Z,2020-01-17,39
2020-01-17T19:58:09Z,Wind generation,Wind Onshore,5261.804,2020-01-17T18:30:00Z,2020-01-17,38
2020-01-17T19:58:09Z,Wind generation,Wind Offshore,5326.502,2020-01-17T18:30:00Z,2020-01-17,38
2020-01-17T19:58:09Z,Solar generation,Solar,0.000,2020-01-17T18:30:00Z,2020-01-17,38
2020-01-17T19:28:09Z,Wind generation,Wind Onshore,5187.593,2020-01-17T18:00:00Z,2020-01-17,37
2020-01-17T19:28:09Z,Wind generation,Wind Offshore,5806.509,2020-01-17T18:00:00Z,2020-01-17,37
2020-01-17T19:28:09Z,Solar generation,Solar,0.000,2020-01-17T18:00:00Z,2020-01-17,37
2020-01-17T18:58:09Z,Wind generation,Wind Onshore,5029.380,2020-01-17T17:30:00Z,2020-01-17,36
2020-01-17T18:58:09Z,Wind generation,Wind Offshore,5730.660,2020-01-17T17:30:00Z,2020-01-17,36
2020-01-17T18:58:09Z,Solar generation,Solar,1.000,2020-01-17T17:30:00Z,2020-01-17,36
2020-01-17T18:28:10Z,Wind generation,Wind Onshore,4857.277,2020-01-17T17:00:00Z,2020-01-17,35
2020-01-17T18:28:10Z,Wind generation,Wind Offshore,5743.643,2020-01-17T17:00:00Z,2020-01-17,35
2020-01-17T18:28:10Z,Solar generation,Solar,0.000,2020-01-17T17:00:00Z,2020-01-17,35
2020-01-17T17:58:09Z,Wind generation,Wind Onshore,4473.520,2020-01-17T16:30:00Z,2020-01-17,34
2020-01-17T17:58:09Z,Wind generation,Wind Offshore,5651.900,2020-01-17T16:30:00Z,2020-01-17,34
2020-01-17T17:58:09Z,Solar generation,Solar,0.000,2020-01-17T16:30:00Z,2020-01-17,34
2020-01-17T17:28:10Z,Wind generation,Wind Onshore,4546.487,2020-01-17T16:00:00Z,2020-01-17,33
2020-01-17T17:28:10Z,Wind generation,Wind Offshore,5867.043,2020-01-17T16:00:00Z,2020-01-17,33
2020-01-17T17:28:10Z,Solar generation,Solar,39.000,2020-01-17T16:00:00Z,2020-01-17,33
2020-01-17T16:58:09Z,Wind generation,Wind Onshore,4699.745,2020-01-17T15:30:00Z,2020-01-17,32
2020-01-17T16:58:09Z,Wind generation,Wind Offshore,5779.484,2020-01-17T15:30:00Z,2020-01-17,32
2020-01-17T16:58:09Z,Solar generation,Solar,320.000,2020-01-17T15:30:00Z,2020-01-17,32
2020-01-17T16:28:09Z,Wind generation,Wind Onshore,4832.978,2020-01-17T15:00:00Z,2020-01-17,31
2020-01-17T16:28:09Z,Wind generation,Wind Offshore,5824.622,2020-01-17T15:00:00Z,2020-01-17,31
2020-01-17T16:28:09Z,Solar generation,Solar,795.000,2020-01-17T15:00:00Z,2020-01-17,31
2020-01-17T15:58:10Z,Wind generation,Wind Onshore,5048.424,2020-01-17T14:30:00Z,2020-01-17,30
2020-01-17T15:58:10Z,Wind generation,Wind Offshore,5771.141,2020-01-17T14:30:00Z,2020-01-17,30
2020-01-17T15:58:10Z,Solar generation,Solar,1050.000,2020-01-17T14:30:00Z,2020-01-17,30
2020-01-17T15:28:11Z,Wind generation,Wind Onshore,5177.993,2020-01-17T14:00:00Z,2020-01-17,29
2020-01-17T15:28:11Z,Wind generation,Wind Offshore,5702.731,2020-01-17T14:00:00Z,2020-01-17,29
2020-01-17T15:28:11Z,Solar generation,Solar,1180.000,2020-01-17T14:00:00Z,2020-01-17,29
2020-01-17T14:58:09Z,Wind generation,Wind Onshore,5091.179,2020-01-17T13:30:00Z,2020-01-17,28
2020-01-17T14:58:09Z,Wind generation,Wind Offshore,5337.116,2020-01-17T13:30:00Z,2020-01-17,28
2020-01-17T14:58:09Z,Solar generation,Solar,1450.000,2020-01-17T13:30:00Z,2020-01-17,28
2020-01-17T14:28:10Z,Wind generation,Wind Onshore,4691.314,2020-01-17T13:00:00Z,2020-01-17,27
2020-01-17T14:28:10Z,Wind generation,Wind Offshore,5137.426,2020-01-17T13:00:00Z,2020-01-17,27
2020-01-17T14:28:10Z,Solar generation,Solar,1620.000,2020-01-17T13:00:00Z,2020-01-17,27
2020-01-17T13:58:10Z,Wind generation,Wind Onshore,4652.826,2020-01-17T12:30:00Z,2020-01-17,26
2020-01-17T13:58:10Z,Wind generation,Wind Offshore,5244.513,2020-01-17T12:30:00Z,2020-01-17,26
2020-01-17T13:58:10Z,Solar generation,Solar,1710.000,2020-01-17T12:30:00Z,2020-01-17,26
2020-01-17T13:28:09Z,Wind generation,Wind Onshore,4422.877,2020-01-17T12:00:00Z,2020-01-17,25
2020-01-17T13:28:09Z,Wind generation,Wind Offshore,4934.387,2020-01-17T12:00:00Z,2020-01-17,25
2020-01-17T13:28:09Z,Solar generation,Solar,1740.000,2020-01-17T12:00:00Z,2020-01-17,25
2020-01-17T12:58:08Z,Wind generation,Wind Onshore,4344.630,2020-01-17T11:30:00Z,2020-01-17,24
2020-01-17T12:58:08Z,Wind generation,Wind Offshore,5169.192,2020-01-17T11:30:00Z,2020-01-17,24
2020-01-17T12:58:08Z,Solar generation,Solar,1770.000,2020-01-17T11:30:00Z,2020-01-17,24
2020-01-17T12:28:09Z,Wind generation,Wind Onshore,4452.242,2020-01-17T11:00:00Z,2020-01-17,23
2020-01-17T12:28:09Z,Wind generation,Wind Offshore,5077.516,2020-01-17T11:00:00Z,2020-01-17,23
2020-01-17T12:28:09Z,Solar generation,Solar,1750.000,2020-01-17T11:00:00Z,2020-01-17,23
2020-01-17T11:58:08Z,Wind generation,Wind Onshore,4200.792,2020-01-17T10:30:00Z,2020-01-17,22
2020-01-17T11:58:08Z,Wind generation,Wind Offshore,4912.686,2020-01-17T10:30:00Z,2020-01-17,22
2020-01-17T11:58:08Z,Solar generation,Solar,1550.000,2020-01-17T10:30:00Z,2020-01-17,22
2020-01-17T11:28:10Z,Wind generation,Wind Onshore,4097.536,2020-01-17T10:00:00Z,2020-01-17,21
2020-01-17T11:28:10Z,Wind generation,Wind Offshore,4641.600,2020-01-17T10:00:00Z,2020-01-17,21
2020-01-17T11:28:10Z,Solar generation,Solar,1210.000,2020-01-17T10:00:00Z,2020-01-17,21
2020-01-17T10:58:09Z,Wind generation,Wind Onshore,4074.100,2020-01-17T09:30:00Z,2020-01-17,20
2020-01-17T10:58:09Z,Wind generation,Wind Offshore,4868.767,2020-01-17T09:30:00Z,2020-01-17,20
2020-01-17T10:58:09Z,Solar generation,Solar,867.000,2020-01-17T09:30:00Z,2020-01-17,20
2020-01-17T10:28:10Z,Wind generation,Wind Onshore,4080.905,2020-01-17T09:00:00Z,2020-01-17,19
2020-01-17T10:28:10Z,Wind generation,Wind Offshore,4716.653,2020-01-17T09:00:00Z,2020-01-17,19
2020-01-17T10:28:10Z,Solar generation,Solar,493.000,2020-01-17T09:00:00Z,2020-01-17,19
2020-01-17T09:58:09Z,Wind generation,Wind Onshore,4224.832,2020-01-17T08:30:00Z,2020-01-17,18
2020-01-17T09:58:09Z,Wind generation,Wind Offshore,4465.880,2020-01-17T08:30:00Z,2020-01-17,18
2020-01-17T09:58:09Z,Solar generation,Solar,150.000,2020-01-17T08:30:00Z,2020-01-17,18
2020-01-17T09:28:09Z,Wind generation,Wind Onshore,4252.582,2020-01-17T08:00:00Z,2020-01-17,17
2020-01-17T09:28:09Z,Wind generation,Wind Offshore,4629.255,2020-01-17T08:00:00Z,2020-01-17,17
2020-01-17T09:28:09Z,Solar generation,Solar,8.000,2020-01-17T08:00:00Z,2020-01-17,17
2020-01-17T08:58:09Z,Wind generation,Wind Onshore,4164.685,2020-01-17T07:30:00Z,2020-01-17,16
2020-01-17T08:58:09Z,Wind generation,Wind Offshore,4640.312,2020-01-17T07:30:00Z,2020-01-17,16
2020-01-17T08:58:09Z,Solar generation,Solar,0.000,2020-01-17T07:30:00Z,2020-01-17,16
2020-01-17T08:28:10Z,Wind generation,Wind Onshore,4105.458,2020-01-17T07:00:00Z,2020-01-17,15
2020-01-17T08:28:10Z,Wind generation,Wind Offshore,4856.049,2020-01-17T07:00:00Z,2020-01-17,15
2020-01-17T08:28:10Z,Solar generation,Solar,0.000,2020-01-17T07:00:00Z,2020-01-17,15
2020-01-17T07:58:10Z,Wind generation,Wind Onshore,3922.670,2020-01-17T06:30:00Z,2020-01-17,14
2020-01-17T07:58:10Z,Wind generation,Wind Offshore,4724.730,2020-01-17T06:30:00Z,2020-01-17,14
2020-01-17T07:58:10Z,Solar generation,Solar,0.000,2020-01-17T06:30:00Z,2020-01-17,14
2020-01-17T07:28:10Z,Wind generation,Wind Onshore,3904.291,2020-01-17T06:00:00Z,2020-01-17,13
2020-01-17T07:28:10Z,Wind generation,Wind Offshore,4492.255,2020-01-17T06:00:00Z,2020-01-17,13
2020-01-17T07:28:10Z,Solar generation,Solar,0.000,2020-01-17T06:00:00Z,2020-01-17,13
2020-01-17T06:58:10Z,Wind generation,Wind Onshore,4025.776,2020-01-17T05:30:00Z,2020-01-17,12
2020-01-17T06:58:10Z,Wind generation,Wind Offshore,4089.814,2020-01-17T05:30:00Z,2020-01-17,12
2020-01-17T06:58:10Z,Solar generation,Solar,0.000,2020-01-17T05:30:00Z,2020-01-17,12
2020-01-17T06:28:10Z,Wind generation,Wind Onshore,3876.656,2020-01-17T05:00:00Z,2020-01-17,11
2020-01-17T06:28:10Z,Wind generation,Wind Offshore,3973.550,2020-01-17T05:00:00Z,2020-01-17,11
2020-01-17T06:28:10Z,Solar generation,Solar,0.000,2020-01-17T05:00:00Z,2020-01-17,11
2020-01-17T05:58:09Z,Wind generation,Wind Onshore,4108.008,2020-01-17T04:30:00Z,2020-01-17,10
2020-01-17T05:58:09Z,Wind generation,Wind Offshore,4006.754,2020-01-17T04:30:00Z,2020-01-17,10
2020-01-17T05:58:09Z,Solar generation,Solar,0.000,2020-01-17T04:30:00Z,2020-01-17,10
2020-01-17T05:28:10Z,Wind generation,Wind Onshore,4207.677,2020-01-17T04:00:00Z,2020-01-17,9
2020-01-17T05:28:10Z,Wind generation,Wind Offshore,4172.633,2020-01-17T04:00:00Z,2020-01-17,9
2020-01-17T05:28:10Z,Solar generation,Solar,0.000,2020-01-17T04:00:00Z,2020-01-17,9
2020-01-17T04:58:09Z,Wind generation,Wind Onshore,4183.266,2020-01-17T03:30:00Z,2020-01-17,8
2020-01-17T04:58:09Z,Wind generation,Wind Offshore,4299.330,2020-01-17T03:30:00Z,2020-01-17,8
2020-01-17T04:58:09Z,Solar generation,Solar,0.000,2020-01-17T03:30:00Z,2020-01-17,8
2020-01-17T04:28:10Z,Wind generation,Wind Onshore,4271.753,2020-01-17T03:00:00Z,2020-01-17,7
2020-01-17T04:28:10Z,Wind generation,Wind Offshore,4734.221,2020-01-17T03:00:00Z,2020-01-17,7
2020-01-17T04:28:10Z,Solar generation,Solar,0.000,2020-01-17T03:00:00Z,2020-01-17,7
2020-01-17T03:58:09Z,Wind generation,Wind Onshore,4246.268,2020-01-17T02:30:00Z,2020-01-17,6
2020-01-17T03:58:09Z,Wind generation,Wind Offshore,4725.605,2020-01-17T02:30:00Z,2020-01-17,6
2020-01-17T03:58:09Z,Solar generation,Solar,0.000,2020-01-17T02:30:00Z,2020-01-17,6
2020-01-17T03:28:09Z,Wind generation,Wind Onshore,4317.298,2020-01-17T02:00:00Z,2020-01-17,5
2020-01-17T03:28:09Z,Wind generation,Wind Offshore,4550.118,2020-01-17T02:00:00Z,2020-01-17,5
2020-01-17T03:28:09Z,Solar generation,Solar,0.000,2020-01-17T02:00:00Z,2020-01-17,5
2020-01-17T02:58:09Z,Wind generation,Wind Onshore,4640.984,2020-01-17T01:30:00Z,2020-01-17,4
2020-01-17T02:58:09Z,Wind generation,Wind Offshore,4822.805,2020-01-17T01:30:00Z,2020-01-17,4
2020-01-17T02:58:09Z,Solar generation,Solar,0.000,2020-01-17T01:30:00Z,2020-01-17,4
2020-01-17T02:28:10Z,Wind generation,Wind Onshore,4668.532,2020-01-17T01:00:00Z,2020-01-17,3
2020-01-17T02:28:10Z,Wind generation,Wind Offshore,5130.018,2020-01-17T01:00:00Z,2020-01-17,3
2020-01-17T02:28:10Z,Solar generation,Solar,0.000,2020-01-17T01:00:00Z,2020-01-17,3
2020-01-17T01:58:08Z,Wind generation,Wind Onshore,4873.888,2020-01-17T00:30:00Z,2020-01-17,2
2020-01-17T01:58:08Z,Wind generation,Wind Offshore,5498.034,2020-01-17T00:30:00Z,2020-01-17,2
2020-01-17T01:58:08Z,Solar generation,Solar,0.000,2020-01-17T00:30:00Z,2020-01-17,2
2020-01-17T01:28:10Z,Wind generation,Wind Onshore,5017.184,2020-01-17T00:00:00Z,2020-01-17,1
2020-01-17T01:28:10Z,Wind generation,Wind Offshore,5458.151,2020-01-17T00:00:00Z,2020-01-17,1
2020-01-17T01:28:10Z,Solar generation,Solar,0.000,2020-01-17T00:00:00Z,2020-01-17,1
2020-01-17T00:58:09Z,Wind generation,Wind Onshore,5300.840,2020-01-16T23:30:00Z,2020-01-16,48
2020-01-17T00:58:09Z,Wind generation,Wind Offshore,5444.542,2020-01-16T23:30:00Z,2020-01-16,48
2020-01-17T00:58:09Z,Solar generation,Solar,0.000,2020-01-16T23:30:00Z,2020-01-16,48
2020-01-17T00:28:09Z,Wind generation,Wind Onshore,5351.880,2020-01-16T23:00:00Z,2020-01-16,47
2020-01-17T00:28:09Z,Wind generation,Wind Offshore,5565.913,2020-01-16T23:00:00Z,2020-01-16,47
2020-01-17T00:28:09Z,Solar generation,Solar,0.000,2020-01-16T23:00:00Z,2020-01-16,47
2020-01-16T23:58:09Z,Wind generation,Wind Onshore,5609.380,2020-01-16T22:30:00Z,2020-01-16,46
2020-01-16T23:58:09Z,Wind generation,Wind Offshore,5700.247,2020-01-16T22:30:00Z,2020-01-16,46
2020-01-16T23:58:09Z,Solar generation,Solar,0.000,2020-01-16T22:30:00Z,2020-01-16,46
2020-01-16T23:28:10Z,Wind generation,Wind Onshore,5753.683,2020-01-16T22:00:00Z,2020-01-16,45
2020-01-16T23:28:10Z,Wind generation,Wind Offshore,5859.294,2020-01-16T22:00:00Z,2020-01-16,45
2020-01-16T23:28:10Z,Solar generation,Solar,0.000,2020-01-16T22:00:00Z,2020-01-16,45
2020-01-16T22:58:09Z,Wind generation,Wind Onshore,5970.039,2020-01-16T21:30:00Z,2020-01-16,44
2020-01-16T22:58:09Z,Wind generation,Wind Offshore,5894.633,2020-01-16T21:30:00Z,2020-01-16,44
2020-01-16T22:58:09Z,Solar generation,Solar,0.000,2020-01-16T21:30:00Z,2020-01-16,44
2020-01-16T22:28:09Z,Wind generation,Wind Onshore,6022.986,2020-01-16T21:00:00Z,2020-01-16,43
2020-01-16T22:28:09Z,Wind generation,Wind Offshore,5931.948,2020-01-16T21:00:00Z,2020-01-16,43
2020-01-16T22:28:09Z,Solar generation,Solar,0.000,2020-01-16T21:00:00Z,2020-01-16,43
2020-01-16T21:58:09Z,Wind generation,Wind Onshore,6263.672,2020-01-16T20:30:00Z,2020-01-16,42
2020-01-16T21:58:09Z,Wind generation,Wind Offshore,5899.857,2020-01-16T20:30:00Z,2020-01-16,42
2020-01-16T21:58:09Z,Solar generation,Solar,0.000,2020-01-16T20:30:00Z,2020-01-16,42
2020-01-16T21:28:09Z,Wind generation,Wind Onshore,6265.152,2020-01-16T20:00:00Z,2020-01-16,41
2020-01-16T21:28:09Z,Wind generation,Wind Offshore,5823.491,2020-01-16T20:00:00Z,2020-01-16,41
2020-01-16T21:28:09Z,Solar generation,Solar,0.000,2020-01-16T20:00:00Z,2020-01-16,41
2020-01-16T20:58:09Z,Wind generation,Wind Onshore,6445.846,2020-01-16T19:30:00Z,2020-01-16,40
2020-01-16T20:58:09Z,Wind generation,Wind Offshore,6223.241,2020-01-16T19:30:00Z,2020-01-16,40
2020-01-16T20:58:09Z,Solar generation,Solar,0.000,2020-01-16T19:30:00Z,2020-01-16,40
2020-01-16T20:28:09Z,Wind generation,Wind Onshore,6643.387,2020-01-16T19:00:00Z,2020-01-16,39
2020-01-16T20:28:09Z,Wind generation,Wind Offshore,6265.216,2020-01-16T19:00:00Z,2020-01-16,39
2020-01-16T20:28:09Z,Solar generation,Solar,0.000,2020-01-16T19:00:00Z,2020-01-16,39
2020-01-16T19:58:09Z,Wind generation,Wind Onshore,6946.221,2020-01-16T18:30:00Z,2020-01-16,38
2020-01-16T19:58:09Z,Wind generation,Wind Offshore,6056.494,2020-01-16T18:30:00Z,2020-01-16,38
2020-01-16T19:58:09Z,Solar generation,Solar,0.000,2020-01-16T18:30:00Z,2020-01-16,38
2020-01-16T19:28:09Z,Wind generation,Wind Onshore,7192.098,2020-01-16T18:00:00Z,2020-01-16,37
2020-01-16T19:28:09Z,Wind generation,Wind Offshore,6028.856,2020-01-16T18:00:00Z,2020-01-16,37
2020-01-16T19:28:09Z,Solar generation,Solar,0.000,2020-01-16T18:00:00Z,2020-01-16,37
2020-01-16T18:58:09Z,Wind generation,Wind Onshore,7252.075,2020-01-16T17:30:00Z,2020-01-16,36
2020-01-16T18:58:09Z,Wind generation,Wind Offshore,6097.409,2020-01-16T17:30:00Z,2020-01-16,36
2020-01-16T18:58:09Z,Solar generation,Solar,0.000,2020-01-16T17:30:00Z,2020-01-16,36
2020-01-16T18:28:10Z,Wind generation,Wind Onshore,7023.388,2020-01-16T17:00:00Z,2020-01-16,35
2020-01-16T18:28:10Z,Wind generation,Wind Offshore,6245.649,2020-01-16T17:00:00Z,2020-01-16,35
2020-01-16T18:28:10Z,Solar generation,Solar,0.000,2020-01-16T17:00:00Z,2020-01-16,35
2020-01-16T17:58:08Z,Wind generation,Wind Onshore,6974.736,2020-01-16T16:30:00Z,2020-01-16,34
2020-01-16T17:58:08Z,Wind generation,Wind Offshore,6204.011,2020-01-16T16:30:00Z,2020-01-16,34
2020-01-16T17:58:08Z,Solar generation,Solar,0.000,2020-01-16T16:30:00Z,2020-01-16,34
2020-01-16T17:28:10Z,Wind generation,Wind Onshore,3098.651,2020-01-16T16:00:00Z,2020-01-16,33
2020-01-16T17:28:10Z,Wind generation,Wind Offshore,219.287,2020-01-16T16:00:00Z,2020-01-16,33
2020-01-16T17:28:10Z,Solar generation,Solar,1.000,2020-01-16T16:00:00Z,2020-01-16,33
2020-01-16T16:58:09Z,Wind generation,Wind Onshore,6664.436,2020-01-16T15:30:00Z,2020-01-16,32
2020-01-16T16:58:09Z,Wind generation,Wind Offshore,6152.604,2020-01-16T15:30:00Z,2020-01-16,32
2020-01-16T16:58:09Z,Solar generation,Solar,24.000,2020-01-16T15:30:00Z,2020-01-16,32
2020-01-16T16:28:10Z,Wind generation,Wind Onshore,6573.480,2020-01-16T15:00:00Z,2020-01-16,31
2020-01-16T16:28:10Z,Wind generation,Wind Offshore,6148.954,2020-01-16T15:00:00Z,2020-01-16,31
2020-01-16T16:28:10Z,Solar generation,Solar,93.000,2020-01-16T15:00:00Z,2020-01-16,31
2020-01-16T15:58:09Z,Wind generation,Wind Onshore,6600.466,2020-01-16T14:30:00Z,2020-01-16,30
2020-01-16T15:58:09Z,Wind generation,Wind Offshore,6121.026,2020-01-16T14:30:00Z,2020-01-16,30
2020-01-16T15:58:09Z,Solar generation,Solar,182.000,2020-01-16T14:30:00Z,2020-01-16,30
2020-01-16T15:28:10Z,Wind generation,Wind Onshore,6583.901,2020-01-16T14:00:00Z,2020-01-16,29
2020-01-16T15:28:10Z,Wind generation,Wind Offshore,6227.329,2020-01-16T14:00:00Z,2020-01-16,29
2020-01-16T15:28:10Z,Solar generation,Solar,635.000,2020-01-16T14:00:00Z,2020-01-16,29
2020-01-16T14:58:09Z,Wind generation,Wind Onshore,6259.772,2020-01-16T13:30:00Z,2020-01-16,28
2020-01-16T14:58:09Z,Wind generation,Wind Offshore,6116.712,2020-01-16T13:30:00Z,2020-01-16,28
2020-01-16T14:58:09Z,Solar generation,Solar,487.000,2020-01-16T13:30:00Z,2020-01-16,28
2020-01-16T14:28:09Z,Wind generation,Wind Onshore,6402.720,2020-01-16T13:00:00Z,2020-01-16,27
2020-01-16T14:28:09Z,Wind generation,Wind Offshore,6145.428,2020-01-16T13:00:00Z,2020-01-16,27
2020-01-16T14:28:09Z,Solar generation,Solar,654.000,2020-01-16T13:00:00Z,2020-01-16,27
2020-01-16T13:58:09Z,Wind generation,Wind Onshore,6600.931,2020-01-16T12:30:00Z,2020-01-16,26
2020-01-16T13:58:09Z,Wind generation,Wind Offshore,6118.809,2020-01-16T12:30:00Z,2020-01-16,26
2020-01-16T13:58:09Z,Solar generation,Solar,741.000,2020-01-16T12:30:00Z,2020-01-16,26
2020-01-16T13:28:10Z,Wind generation,Wind Onshore,6708.746,2020-01-16T12:00:00Z,2020-01-16,25
2020-01-16T13:28:10Z,Wind generation,Wind Offshore,6024.332,2020-01-16T12:00:00Z,2020-01-16,25
2020-01-16T13:28:10Z,Solar generation,Solar,883.000,2020-01-16T12:00:00Z,2020-01-16,25
2020-01-16T12:58:08Z,Wind generation,Wind Onshore,6639.055,2020-01-16T11:30:00Z,2020-01-16,24
2020-01-16T12:58:08Z,Wind generation,Wind Offshore,6084.769,2020-01-16T11:30:00Z,2020-01-16,24
2020-01-16T12:58:08Z,Solar generation,Solar,1020.000,2020-01-16T11:30:00Z,2020-01-16,24
2020-01-16T12:28:09Z,Wind generation,Wind Onshore,6536.653,2020-01-16T11:00:00Z,2020-01-16,23
2020-01-16T12:28:09Z,Wind generation,Wind Offshore,6078.974,2020-01-16T11:00:00Z,2020-01-16,23
2020-01-16T12:28:09Z,Solar generation,Solar,1160.000,2020-01-16T11:00:00Z,2020-01-16,23
2020-01-16T11:58:09Z,Wind generation,Wind Onshore,6411.369,2020-01-16T10:30:00Z,2020-01-16,22
2020-01-16T11:58:09Z,Wind generation,Wind Offshore,6057.539,2020-01-16T10:30:00Z,2020-01-16,22
2020-01-16T11:58:09Z,Solar generation,Solar,1150.000,2020-01-16T10:30:00Z,2020-01-16,22
2020-01-16T11:28:11Z,Wind generation,Wind Onshore,6468.425,2020-01-16T10:00:00Z,2020-01-16,21
2020-01-16T11:28:11Z,Wind generation,Wind Offshore,6072.576,2020-01-16T10:00:00Z,2020-01-16,21
2020-01-16T11:28:11Z,Solar generation,Solar,1220.000,2020-01-16T10:00:00Z,2020-01-16,21
2020-01-16T10:58:09Z,Wind generation,Wind Onshore,6230.177,2020-01-16T09:30:00Z,2020-01-16,20
2020-01-16T10:58:09Z,Wind generation,Wind Offshore,5962.391,2020-01-16T09:30:00Z,2020-01-16,20
2020-01-16T10:58:09Z,Solar generation,Solar,796.000,2020-01-16T09:30:00Z,2020-01-16,20
2020-01-16T10:28:09Z,Wind generation,Wind Onshore,6303.089,2020-01-16T09:00:00Z,2020-01-16,19
2020-01-16T10:28:09Z,Wind generation,Wind Offshore,5759.132,2020-01-16T09:00:00Z,2020-01-16,19
2020-01-16T10:28:09Z,Solar generation,Solar,405.000,2020-01-16T09:00:00Z,2020-01-16,19
2020-01-16T09:58:09Z,Wind generation,Wind Onshore,6175.023,2020-01-16T08:30:00Z,2020-01-16,18
2020-01-16T09:58:09Z,Wind generation,Wind Offshore,5848.552,2020-01-16T08:30:00Z,2020-01-16,18
2020-01-16T09:58:09Z,Solar generation,Solar,163.000,2020-01-16T08:30:00Z,2020-01-16,18
2020-01-16T09:28:10Z,Wind generation,Wind Onshore,6207.959,2020-01-16T08:00:00Z,2020-01-16,17
2020-01-16T09:28:10Z,Wind generation,Wind Offshore,5606.619,2020-01-16T08:00:00Z,2020-01-16,17
2020-01-16T09:28:10Z,Solar generation,Solar,24.000,2020-01-16T08:00:00Z,2020-01-16,17
2020-01-16T08:58:10Z,Wind generation,Wind Onshore,5804.180,2020-01-16T07:30:00Z,2020-01-16,16
2020-01-16T08:58:10Z,Wind generation,Wind Offshore,5434.340,2020-01-16T07:30:00Z,2020-01-16,16
2020-01-16T08:58:10Z,Solar generation,Solar,0.000,2020-01-16T07:30:00Z,2020-01-16,16
2020-01-16T08:28:10Z,Wind generation,Wind Onshore,5482.680,2020-01-16T07:00:00Z,2020-01-16,15
2020-01-16T08:28:10Z,Wind generation,Wind Offshore,5148.004,2020-01-16T07:00:00Z,2020-01-16,15
2020-01-16T08:28:10Z,Solar generation,Solar,0.000,2020-01-16T07:00:00Z,2020-01-16,15
2020-01-16T07:58:09Z,Wind generation,Wind Onshore,5208.606,2020-01-16T06:30:00Z,2020-01-16,14
2020-01-16T07:58:09Z,Wind generation,Wind Offshore,5071.763,2020-01-16T06:30:00Z,2020-01-16,14
2020-01-16T07:58:09Z,Solar generation,Solar,0.000,2020-01-16T06:30:00Z,2020-01-16,14
2020-01-16T07:28:10Z,Wind generation,Wind Onshore,4988.777,2020-01-16T06:00:00Z,2020-01-16,13
2020-01-16T07:28:10Z,Wind generation,Wind Offshore,5133.869,2020-01-16T06:00:00Z,2020-01-16,13
2020-01-16T07:28:10Z,Solar generation,Solar,0.000,2020-01-16T06:00:00Z,2020-01-16,13
2020-01-16T06:58:10Z,Wind generation,Wind Onshore,4687.946,2020-01-16T05:30:00Z,2020-01-16,12
2020-01-16T06:58:10Z,Wind generation,Wind Offshore,4913.107,2020-01-16T05:30:00Z,2020-01-16,12
2020-01-16T06:58:10Z,Solar generation,Solar,0.000,2020-01-16T05:30:00Z,2020-01-16,12
2020-01-16T06:28:10Z,Wind generation,Wind Onshore,4772.440,2020-01-16T05:00:00Z,2020-01-16,11
2020-01-16T06:28:10Z,Wind generation,Wind Offshore,5080.580,2020-01-16T05:00:00Z,2020-01-16,11
2020-01-16T06:28:10Z,Solar generation,Solar,0.000,2020-01-16T05:00:00Z,2020-01-16,11
2020-01-16T05:58:11Z,Wind generation,Wind Onshore,4871.256,2020-01-16T04:30:00Z,2020-01-16,10
2020-01-16T05:58:11Z,Wind generation,Wind Offshore,4971.589,2020-01-16T04:30:00Z,2020-01-16,10
2020-01-16T05:58:11Z,Solar generation,Solar,0.000,2020-01-16T04:30:00Z,2020-01-16,10
2020-01-16T05:28:10Z,Wind generation,Wind Onshore,4687.576,2020-01-16T04:00:00Z,2020-01-16,9
2020-01-16T05:28:10Z,Wind generation,Wind Offshore,5164.681,2020-01-16T04:00:00Z,2020-01-16,9
2020-01-16T05:28:10Z,Solar generation,Solar,0.000,2020-01-16T04:00:00Z,2020-01-16,9
2020-01-16T04:58:10Z,Wind generation,Wind Onshore,4806.183,2020-01-16T03:30:00Z,2020-01-16,8
2020-01-16T04:58:10Z,Wind generation,Wind Offshore,5293.210,2020-01-16T03:30:00Z,2020-01-16,8
2020-01-16T04:58:10Z,Solar generation,Solar,0.000,2020-01-16T03:30:00Z,2020-01-16,8
2020-01-16T04:28:09Z,Wind generation,Wind Onshore,4997.235,2020-01-16T03:00:00Z,2020-01-16,7
2020-01-16T04:28:09Z,Wind generation,Wind Offshore,5306.454,2020-01-16T03:00:00Z,2020-01-16,7
2020-01-16T04:28:09Z,Solar generation,Solar,0.000,2020-01-16T03:00:00Z,2020-01-16,7
2020-01-16T03:58:09Z,Wind generation,Wind Onshore,4958.812,2020-01-16T02:30:00Z,2020-01-16,6
2020-01-16T03:58:09Z,Wind generation,Wind Offshore,5092.161,2020-01-16T02:30:00Z,2020-01-16,6
2020-01-16T03:58:09Z,Solar generation,Solar,0.000,2020-01-16T02:30:00Z,2020-01-16,6
2020-01-16T03:28:11Z,Wind generation,Wind Onshore,5138.019,2020-01-16T02:00:00Z,2020-01-16,5
2020-01-16T03:28:11Z,Wind generation,Wind Offshore,4898.663,2020-01-16T02:00:00Z,2020-01-16,5
2020-01-16T03:28:11Z,Solar generation,Solar,0.000,2020-01-16T02:00:00Z,2020-01-16,5
2020-01-16T02:58:09Z,Wind generation,Wind Onshore,5202.375,2020-01-16T01:30:00Z,2020-01-16,4
2020-01-16T02:58:09Z,Wind generation,Wind Offshore,4846.680,2020-01-16T01:30:00Z,2020-01-16,4
2020-01-16T02:58:09Z,Solar generation,Solar,0.000,2020-01-16T01:30:00Z,2020-01-16,4
2020-01-16T02:28:09Z,Wind generation,Wind Onshore,5337.937,2020-01-16T01:00:00Z,2020-01-16,3
2020-01-16T02:28:09Z,Wind generation,Wind Offshore,4909.261,2020-01-16T01:00:00Z,2020-01-16,3
2020-01-16T02:28:09Z,Solar generation,Solar,0.000,2020-01-16T01:00:00Z,2020-01-16,3
2020-01-16T01:58:09Z,Wind generation,Wind Onshore,5323.105,2020-01-16T00:30:00Z,2020-01-16,2
2020-01-16T01:58:09Z,Wind generation,Wind Offshore,4757.057,2020-01-16T00:30:00Z,2020-01-16,2
2020-01-16T01:58:09Z,Solar generation,Solar,0.000,2020-01-16T00:30:00Z,2020-01-16,2
2020-01-16T01:28:09Z,Wind generation,Wind Onshore,5169.485,2020-01-16T00:00:00Z,2020-01-16,1
2020-01-16T01:28:09Z,Wind generation,Wind Offshore,5024.653,2020-01-16T00:00:00Z,2020-01-16,1
2020-01-16T01:28:09Z,Solar generation,Solar,0.000,2020-01-16T00:00:00Z,2020-01-16,1
2020-01-16T00:58:10Z,Wind generation,Wind Onshore,5267.266,2020-01-15T23:30:00Z,2020-01-15,48
2020-01-16T00:58:10Z,Wind generation,Wind Offshore,5461.482,2020-01-15T23:30:00Z,2020-01-15,48
2020-01-16T00:58:10Z,Solar generation,Solar,0.000,2020-01-15T23:30:00Z,2020-01-15,48
2020-01-16T00:28:09Z,Wind generation,Wind Onshore,5448.545,2020-01-15T23:00:00Z,2020-01-15,47
2020-01-16T00:28:09Z,Wind generation,Wind Offshore,5595.686,2020-01-15T23:00:00Z,2020-01-15,47
2020-01-16T00:28:09Z,Solar generation,Solar,0.000,2020-01-15T23:00:00Z,2020-01-15,47
2020-01-15T23:58:10Z,Wind generation,Wind Onshore,5493.495,2020-01-15T22:30:00Z,2020-01-15,46
2020-01-15T23:58:10Z,Wind generation,Wind Offshore,5741.582,2020-01-15T22:30:00Z,2020-01-15,46
2020-01-15T23:58:10Z,Solar generation,Solar,0.000,2020-01-15T22:30:00Z,2020-01-15,46
2020-01-15T23:28:09Z,Wind generation,Wind Onshore,5449.595,2020-01-15T22:00:00Z,2020-01-15,45
2020-01-15T23:28:09Z,Wind generation,Wind Offshore,5989.823,2020-01-15T22:00:00Z,2020-01-15,45
2020-01-15T23:28:09Z,Solar generation,Solar,0.000,2020-01-15T22:00:00Z,2020-01-15,45
2020-01-15T22:58:08Z,Wind generation,Wind Onshore,5872.102,2020-01-15T21:30:00Z,2020-01-15,44
2020-01-15T22:58:08Z,Wind generation,Wind Offshore,6095.717,2020-01-15T21:30:00Z,2020-01-15,44
2020-01-15T22:58:08Z,Solar generation,Solar,0.000,2020-01-15T21:30:00Z,2020-01-15,44
2020-01-15T22:28:09Z,Wind generation,Wind Onshore,6095.364,2020-01-15T21:00:00Z,2020-01-15,43
2020-01-15T22:28:09Z,Wind generation,Wind Offshore,6142.284,2020-01-15T21:00:00Z,2020-01-15,43
2020-01-15T22:28:09Z,Solar generation,Solar,0.000,2020-01-15T21:00:00Z,2020-01-15,43
2020-01-15T21:58:09Z,Wind generation,Wind Onshore,6470.971,2020-01-15T20:30:00Z,2020-01-15,42
2020-01-15T21:58:09Z,Wind generation,Wind Offshore,6145.288,2020-01-15T20:30:00Z,2020-01-15,42
2020-01-15T21:58:09Z,Solar generation,Solar,0.000,2020-01-15T20:30:00Z,2020-01-15,42
2020-01-15T21:28:09Z,Wind generation,Wind Onshore,6718.739,2020-01-15T20:00:00Z,2020-01-15,41
2020-01-15T21:28:09Z,Wind generation,Wind Offshore,6103.885,2020-01-15T20:00:00Z,2020-01-15,41
2020-01-15T21:28:09Z,Solar generation,Solar,0.000,2020-01-15T20:00:00Z,2020-01-15,41
2020-01-15T20:58:09Z,Wind generation,Wind Onshore,6909.760,2020-01-15T19:30:00Z,2020-01-15,40
2020-01-15T20:58:09Z,Wind generation,Wind Offshore,6110.171,2020-01-15T19:30:00Z,2020-01-15,40
2020-01-15T20:58:09Z,Solar generation,Solar,0.000,2020-01-15T19:30:00Z,2020-01-15,40
2020-01-15T20:28:10Z,Wind generation,Wind Onshore,7072.676,2020-01-15T19:00:00Z,2020-01-15,39
2020-01-15T20:28:10Z,Wind generation,Wind Offshore,6155.141,2020-01-15T19:00:00Z,2020-01-15,39
2020-01-15T20:28:10Z,Solar generation,Solar,0.000,2020-01-15T19:00:00Z,2020-01-15,39
2020-01-15T19:58:09Z,Wind generation,Wind Onshore,7048.137,2020-01-15T18:30:00Z,2020-01-15,38
2020-01-15T19:58:09Z,Wind generation,Wind Offshore,5988.432,2020-01-15T18:30:00Z,2020-01-15,38
2020-01-15T19:58:09Z,Solar generation,Solar,0.000,2020-01-15T18:30:00Z,2020-01-15,38
2020-01-15T19:28:09Z,Wind generation,Wind Onshore,7158.108,2020-01-15T18:00:00Z,2020-01-15,37
2020-01-15T19:28:09Z,Wind generation,Wind Offshore,5956.673,2020-01-15T18:00:00Z,2020-01-15,37
2020-01-15T19:28:09Z,Solar generation,Solar,1.000,2020-01-15T18:00:00Z,2020-01-15,37
2020-01-15T18:58:08Z,Wind generation,Wind Onshore,7006.533,2020-01-15T17:30:00Z,2020-01-15,36
2020-01-15T18:58:08Z,Wind generation,Wind Offshore,5942.670,2020-01-15T17:30:00Z,2020-01-15,36
2020-01-15T18:58:08Z,Solar generation,Solar,2.000,2020-01-15T17:30:00Z,2020-01-15,36
2020-01-15T18:28:09Z,Wind generation,Wind Onshore,6593.095,2020-01-15T17:00:00Z,2020-01-15,35
2020-01-15T18:28:09Z,Wind generation,Wind Offshore,5819.137,2020-01-15T17:00:00Z,2020-01-15,35
2020-01-15T18:28:09Z,Solar generation,Solar,0.000,2020-01-15T17:00:00Z,2020-01-15,35
2020-01-15T17:58:09Z,Wind generation,Wind Onshore,6238.743,2020-01-15T16:30:00Z,2020-01-15,34
2020-01-15T17:58:09Z,Wind generation,Wind Offshore,5816.868,2020-01-15T16:30:00Z,2020-01-15,34
2020-01-15T17:58:09Z,Solar generation,Solar,3.000,2020-01-15T16:30:00Z,2020-01-15,34
2020-01-15T17:28:09Z,Wind generation,Wind Onshore,6140.137,2020-01-15T16:00:00Z,2020-01-15,33
2020-01-15T17:28:09Z,Wind generation,Wind Offshore,5814.126,2020-01-15T16:00:00Z,2020-01-15,33
2020-01-15T17:28:09Z,Solar generation,Solar,43.000,2020-01-15T16:00:00Z,2020-01-15,33
2020-01-15T16:58:10Z,Wind generation,Wind Onshore,6232.507,2020-01-15T15:30:00Z,2020-01-15,32
2020-01-15T16:58:10Z,Wind generation,Wind Offshore,5940.842,2020-01-15T15:30:00Z,2020-01-15,32
2020-01-15T16:58:10Z,Solar generation,Solar,398.000,2020-01-15T15:30:00Z,2020-01-15,32
2020-01-15T16:28:10Z,Wind generation,Wind Onshore,6283.917,2020-01-15T15:00:00Z,2020-01-15,31
2020-01-15T16:28:10Z,Wind generation,Wind Offshore,5620.588,2020-01-15T15:00:00Z,2020-01-15,31
2020-01-15T16:28:10Z,Solar generation,Solar,1100.000,2020-01-15T15:00:00Z,2020-01-15,31
2020-01-15T15:58:10Z,Wind generation,Wind Onshore,6367.124,2020-01-15T14:30:00Z,2020-01-15,30
2020-01-15T15:58:10Z,Wind generation,Wind Offshore,5433.866,2020-01-15T14:30:00Z,2020-01-15,30
2020-01-15T15:58:10Z,Solar generation,Solar,1740.000,2020-01-15T14:30:00Z,2020-01-15,30
2020-01-15T15:28:11Z,Wind generation,Wind Onshore,6370.549,2020-01-15T14:00:00Z,2020-01-15,29
2020-01-15T15:28:11Z,Wind generation,Wind Offshore,5091.860,2020-01-15T14:00:00Z,2020-01-15,29
2020-01-15T15:28:11Z,Solar generation,Solar,2260.000,2020-01-15T14:00:00Z,2020-01-15,29
2020-01-15T14:58:11Z,Wind generation,Wind Onshore,6388.197,2020-01-15T13:30:00Z,2020-01-15,28
2020-01-15T14:58:11Z,Wind generation,Wind Offshore,4893.204,2020-01-15T13:30:00Z,2020-01-15,28
2020-01-15T14:58:11Z,Solar generation,Solar,2830.000,2020-01-15T13:30:00Z,2020-01-15,28
2020-01-15T14:28:10Z,Wind generation,Wind Onshore,6234.978,2020-01-15T13:00:00Z,2020-01-15,27
2020-01-15T14:28:10Z,Wind generation,Wind Offshore,4691.315,2020-01-15T13:00:00Z,2020-01-15,27
2020-01-15T14:28:10Z,Solar generation,Solar,3240.000,2020-01-15T13:00:00Z,2020-01-15,27
2020-01-15T13:58:09Z,Wind generation,Wind Onshore,6095.947,2020-01-15T12:30:00Z,2020-01-15,26
2020-01-15T13:58:09Z,Wind generation,Wind Offshore,4712.510,2020-01-15T12:30:00Z,2020-01-15,26
2020-01-15T13:58:09Z,Solar generation,Solar,3290.000,2020-01-15T12:30:00Z,2020-01-15,26
2020-01-15T13:28:09Z,Wind generation,Wind Onshore,6149.598,2020-01-15T12:00:00Z,2020-01-15,25
2020-01-15T13:28:09Z,Wind generation,Wind Offshore,4936.538,2020-01-15T12:00:00Z,2020-01-15,25
2020-01-15T13:28:09Z,Solar generation,Solar,3070.000,2020-01-15T12:00:00Z,2020-01-15,25
2020-01-15T12:58:08Z,Wind generation,Wind Onshore,6106.054,2020-01-15T11:30:00Z,2020-01-15,24
2020-01-15T12:58:08Z,Wind generation,Wind Offshore,4822.683,2020-01-15T11:30:00Z,2020-01-15,24
2020-01-15T12:58:08Z,Solar generation,Solar,2740.000,2020-01-15T11:30:00Z,2020-01-15,24
2020-01-15T12:28:09Z,Wind generation,Wind Onshore,2516.479,2020-01-15T11:00:00Z,2020-01-15,23
2020-01-15T12:28:09Z,Wind generation,Wind Offshore,119.053,2020-01-15T11:00:00Z,2020-01-15,23
2020-01-15T12:28:09Z,Solar generation,Solar,2040.000,2020-01-15T11:00:00Z,2020-01-15,23
2020-01-15T11:58:09Z,Wind generation,Wind Onshore,5848.843,2020-01-15T10:30:00Z,2020-01-15,22
2020-01-15T11:58:09Z,Wind generation,Wind Offshore,5044.677,2020-01-15T10:30:00Z,2020-01-15,22
2020-01-15T11:58:09Z,Solar generation,Solar,1390.000,2020-01-15T10:30:00Z,2020-01-15,22
2020-01-15T11:28:11Z,Wind generation,Wind Onshore,5776.971,2020-01-15T10:00:00Z,2020-01-15,21
2020-01-15T11:28:11Z,Wind generation,Wind Offshore,4894.630,2020-01-15T10:00:00Z,2020-01-15,21
2020-01-15T11:28:11Z,Solar generation,Solar,824.000,2020-01-15T10:00:00Z,2020-01-15,21
2020-01-15T10:58:09Z,Wind generation,Wind Onshore,2342.914,2020-01-15T09:30:00Z,2020-01-15,20
2020-01-15T10:58:09Z,Wind generation,Wind Offshore,143.289,2020-01-15T09:30:00Z,2020-01-15,20
2020-01-15T10:58:09Z,Solar generation,Solar,293.000,2020-01-15T09:30:00Z,2020-01-15,20
2020-01-15T10:28:09Z,Wind generation,Wind Onshore,5422.799,2020-01-15T09:00:00Z,2020-01-15,19
2020-01-15T10:28:09Z,Wind generation,Wind Offshore,4941.134,2020-01-15T09:00:00Z,2020-01-15,19
2020-01-15T10:28:09Z,Solar generation,Solar,104.000,2020-01-15T09:00:00Z,2020-01-15,19
2020-01-15T09:58:11Z,Wind generation,Wind Onshore,5239.355,2020-01-15T08:30:00Z,2020-01-15,18
2020-01-15T09:58:11Z,Wind generation,Wind Offshore,5385.908,2020-01-15T08:30:00Z,2020-01-15,18
2020-01-15T09:58:11Z,Solar generation,Solar,15.000,2020-01-15T08:30:00Z,2020-01-15,18
2020-01-15T09:28:09Z,Wind generation,Wind Onshore,5184.984,2020-01-15T08:00:00Z,2020-01-15,17
2020-01-15T09:28:09Z,Wind generation,Wind Offshore,5724.688,2020-01-15T08:00:00Z,2020-01-15,17
2020-01-15T09:28:09Z,Solar generation,Solar,0.000,2020-01-15T08:00:00Z,2020-01-15,17
2020-01-15T08:58:09Z,Wind generation,Wind Onshore,5099.738,2020-01-15T07:30:00Z,2020-01-15,16
2020-01-15T08:58:09Z,Wind generation,Wind Offshore,5802.356,2020-01-15T07:30:00Z,2020-01-15,16
2020-01-15T08:58:09Z,Solar generation,Solar,0.000,2020-01-15T07:30:00Z,2020-01-15,16
2020-01-15T08:28:10Z,Wind generation,Wind Onshore,2286.504,2020-01-15T07:00:00Z,2020-01-15,15
2020-01-15T08:28:10Z,Wind generation,Wind Offshore,158.280,2020-01-15T07:00:00Z,2020-01-15,15
2020-01-15T08:28:10Z,Solar generation,Solar,0.000,2020-01-15T07:00:00Z,2020-01-15,15
2020-01-15T07:58:09Z,Wind generation,Wind Onshore,4693.353,2020-01-15T06:30:00Z,2020-01-15,14
2020-01-15T07:58:09Z,Wind generation,Wind Offshore,5512.389,2020-01-15T06:30:00Z,2020-01-15,14
2020-01-15T07:58:09Z,Solar generation,Solar,0.000,2020-01-15T06:30:00Z,2020-01-15,14
2020-01-15T07:28:10Z,Wind generation,Wind Onshore,4472.592,2020-01-15T06:00:00Z,2020-01-15,13
2020-01-15T07:28:10Z,Wind generation,Wind Offshore,5308.938,2020-01-15T06:00:00Z,2020-01-15,13
2020-01-15T07:28:10Z,Solar generation,Solar,0.000,2020-01-15T06:00:00Z,2020-01-15,13
2020-01-15T06:58:10Z,Wind generation,Wind Onshore,4384.802,2020-01-15T05:30:00Z,2020-01-15,12
2020-01-15T06:58:10Z,Wind generation,Wind Offshore,4547.228,2020-01-15T05:30:00Z,2020-01-15,12
2020-01-15T06:58:10Z,Solar generation,Solar,0.000,2020-01-15T05:30:00Z,2020-01-15,12
2020-01-15T06:28:10Z,Wind generation,Wind Onshore,2277.715,2020-01-15T05:00:00Z,2020-01-15,11
2020-01-15T06:28:10Z,Wind generation,Wind Offshore,176.183,2020-01-15T05:00:00Z,2020-01-15,11
2020-01-15T06:28:10Z,Solar generation,Solar,0.000,2020-01-15T05:00:00Z,2020-01-15,11
2020-01-15T05:58:10Z,Wind generation,Wind Onshore,2270.025,2020-01-15T04:30:00Z,2020-01-15,10
2020-01-15T05:58:10Z,Wind generation,Wind Offshore,183.931,2020-01-15T04:30:00Z,2020-01-15,10
2020-01-15T05:58:10Z,Solar generation,Solar,0.000,2020-01-15T04:30:00Z,2020-01-15,10
2020-01-15T05:28:10Z,Wind generation,Wind Onshore,4383.997,2020-01-15T04:00:00Z,2020-01-15,9
2020-01-15T05:28:10Z,Wind generation,Wind Offshore,5170.453,2020-01-15T04:00:00Z,2020-01-15,9
2020-01-15T05:28:10Z,Solar generation,Solar,0.000,2020-01-15T04:00:00Z,2020-01-15,9
2020-01-15T04:58:09Z,Wind generation,Wind Onshore,4248.940,2020-01-15T03:30:00Z,2020-01-15,8
2020-01-15T04:58:09Z,Wind generation,Wind Offshore,5069.874,2020-01-15T03:30:00Z,2020-01-15,8
2020-01-15T04:58:09Z,Solar generation,Solar,0.000,2020-01-15T03:30:00Z,2020-01-15,8
2020-01-15T04:28:08Z,Wind generation,Wind Onshore,4531.470,2020-01-15T03:00:00Z,2020-01-15,7
2020-01-15T04:28:08Z,Wind generation,Wind Offshore,4831.634,2020-01-15T03:00:00Z,2020-01-15,7
2020-01-15T04:28:08Z,Solar generation,Solar,0.000,2020-01-15T03:00:00Z,2020-01-15,7
2020-01-15T03:58:09Z,Wind generation,Wind Onshore,4533.520,2020-01-15T02:30:00Z,2020-01-15,6
2020-01-15T03:58:09Z,Wind generation,Wind Offshore,4753.545,2020-01-15T02:30:00Z,2020-01-15,6
2020-01-15T03:58:09Z,Solar generation,Solar,0.000,2020-01-15T02:30:00Z,2020-01-15,6
2020-01-15T03:28:09Z,Wind generation,Wind Onshore,4524.621,2020-01-15T02:00:00Z,2020-01-15,5
2020-01-15T03:28:09Z,Wind generation,Wind Offshore,4752.692,2020-01-15T02:00:00Z,2020-01-15,5
2020-01-15T03:28:09Z,Solar generation,Solar,0.000,2020-01-15T02:00:00Z,2020-01-15,5
2020-01-15T02:58:10Z,Wind generation,Wind Onshore,4723.082,2020-01-15T01:30:00Z,2020-01-15,4
2020-01-15T02:58:10Z,Wind generation,Wind Offshore,4866.375,2020-01-15T01:30:00Z,2020-01-15,4
2020-01-15T02:58:10Z,Solar generation,Solar,0.000,2020-01-15T01:30:00Z,2020-01-15,4
2020-01-15T02:28:09Z,Wind generation,Wind Onshore,4746.187,2020-01-15T01:00:00Z,2020-01-15,3
2020-01-15T02:28:09Z,Wind generation,Wind Offshore,5380.785,2020-01-15T01:00:00Z,2020-01-15,3
2020-01-15T02:28:09Z,Solar generation,Solar,0.000,2020-01-15T01:00:00Z,2020-01-15,3
2020-01-15T01:58:08Z,Wind generation,Wind Onshore,4854.337,2020-01-15T00:30:00Z,2020-01-15,2
2020-01-15T01:58:08Z,Wind generation,Wind Offshore,5611.922,2020-01-15T00:30:00Z,2020-01-15,2
2020-01-15T01:58:08Z,Solar generation,Solar,0.000,2020-01-15T00:30:00Z,2020-01-15,2
2020-01-15T01:28:09Z,Wind generation,Wind Onshore,4770.975,2020-01-15T00:00:00Z,2020-01-15,1
2020-01-15T01:28:09Z,Wind generation,Wind Offshore,5630.343,2020-01-15T00:00:00Z,2020-01-15,1
2020-01-15T01:28:09Z,Solar generation,Solar,0.000,2020-01-15T00:00:00Z,2020-01-15,1
2020-01-15T00:58:08Z,Wind generation,Wind Onshore,4934.892,2020-01-14T23:30:00Z,2020-01-14,48
2020-01-15T00:58:08Z,Wind generation,Wind Offshore,5586.518,2020-01-14T23:30:00Z,2020-01-14,48
2020-01-15T00:58:08Z,Solar generation,Solar,0.000,2020-01-14T23:30:00Z,2020-01-14,48
2020-01-15T00:28:09Z,Wind generation,Wind Onshore,5470.595,2020-01-14T23:00:00Z,2020-01-14,47
2020-01-15T00:28:09Z,Wind generation,Wind Offshore,5638.254,2020-01-14T23:00:00Z,2020-01-14,47
2020-01-15T00:28:09Z,Solar generation,Solar,0.000,2020-01-14T23:00:00Z,2020-01-14,47
2020-01-14T23:58:09Z,Wind generation,Wind Onshore,5467.338,2020-01-14T22:30:00Z,2020-01-14,46
2020-01-14T23:58:09Z,Wind generation,Wind Offshore,5513.400,2020-01-14T22:30:00Z,2020-01-14,46
2020-01-14T23:58:09Z,Solar generation,Solar,0.000,2020-01-14T22:30:00Z,2020-01-14,46
2020-01-14T23:28:10Z,Wind generation,Wind Onshore,5318.617,2020-01-14T22:00:00Z,2020-01-14,45
2020-01-14T23:28:10Z,Wind generation,Wind Offshore,5342.166,2020-01-14T22:00:00Z,2020-01-14,45
2020-01-14T23:28:10Z,Solar generation,Solar,0.000,2020-01-14T22:00:00Z,2020-01-14,45
2020-01-14T22:58:10Z,Wind generation,Wind Onshore,5414.987,2020-01-14T21:30:00Z,2020-01-14,44
2020-01-14T22:58:10Z,Wind generation,Wind Offshore,5342.954,2020-01-14T21:30:00Z,2020-01-14,44
2020-01-14T22:58:10Z,Solar generation,Solar,0.000,2020-01-14T21:30:00Z,2020-01-14,44
2020-01-14T22:28:09Z,Wind generation,Wind Onshore,5615.172,2020-01-14T21:00:00Z,2020-01-14,43
2020-01-14T22:28:09Z,Wind generation,Wind Offshore,5395.621,2020-01-14T21:00:00Z,2020-01-14,43
2020-01-14T22:28:09Z,Solar generation,Solar,0.000,2020-01-14T21:00:00Z,2020-01-14,43
2020-01-14T21:58:09Z,Wind generation,Wind Onshore,5971.265,2020-01-14T20:30:00Z,2020-01-14,42
2020-01-14T21:58:09Z,Wind generation,Wind Offshore,5522.756,2020-01-14T20:30:00Z,2020-01-14,42
2020-01-14T21:58:09Z,Solar generation,Solar,0.000,2020-01-14T20:30:00Z,2020-01-14,42
2020-01-14T21:28:09Z,Wind generation,Wind Onshore,6159.902,2020-01-14T20:00:00Z,2020-01-14,41
2020-01-14T21:28:09Z,Wind generation,Wind Offshore,5452.727,2020-01-14T20:00:00Z,2020-01-14,41
2020-01-14T21:28:09Z,Solar generation,Solar,0.000,2020-01-14T20:00:00Z,2020-01-14,41
2020-01-14T20:58:09Z,Wind generation,Wind Onshore,6248.418,2020-01-14T19:30:00Z,2020-01-14,40
2020-01-14T20:58:09Z,Wind generation,Wind Offshore,5330.092,2020-01-14T19:30:00Z,2020-01-14,40
2020-01-14T20:58:09Z,Solar generation,Solar,0.000,2020-01-14T19:30:00Z,2020-01-14,40
2020-01-14T20:28:09Z,Wind generation,Wind Onshore,6224.556,2020-01-14T19:00:00Z,2020-01-14,39
2020-01-14T20:28:09Z,Wind generation,Wind Offshore,5201.094,2020-01-14T19:00:00Z,2020-01-14,39
2020-01-14T20:28:09Z,Solar generation,Solar,0.000,2020-01-14T19:00:00Z,2020-01-14,39
2020-01-14T19:58:09Z,Wind generation,Wind Onshore,5783.762,2020-01-14T18:30:00Z,2020-01-14,38
2020-01-14T19:58:09Z,Wind generation,Wind Offshore,5161.973,2020-01-14T18:30:00Z,2020-01-14,38
2020-01-14T19:58:09Z,Solar generation,Solar,0.000,2020-01-14T18:30:00Z,2020-01-14,38
2020-01-14T19:28:10Z,Wind generation,Wind Onshore,5513.986,2020-01-14T18:00:00Z,2020-01-14,37
2020-01-14T19:28:10Z,Wind generation,Wind Offshore,5145.541,2020-01-14T18:00:00Z,2020-01-14,37
2020-01-14T19:28:10Z,Solar generation,Solar,0.000,2020-01-14T18:00:00Z,2020-01-14,37
2020-01-14T18:58:09Z,Wind generation,Wind Onshore,5322.922,2020-01-14T17:30:00Z,2020-01-14,36
2020-01-14T18:58:09Z,Wind generation,Wind Offshore,5145.607,2020-01-14T17:30:00Z,2020-01-14,36
2020-01-14T18:58:09Z,Solar generation,Solar,0.000,2020-01-14T17:30:00Z,2020-01-14,36
2020-01-14T18:28:10Z,Wind generation,Wind Onshore,5182.193,2020-01-14T17:00:00Z,2020-01-14,35
2020-01-14T18:28:10Z,Wind generation,Wind Offshore,4864.708,2020-01-14T17:00:00Z,2020-01-14,35
2020-01-14T18:28:10Z,Solar generation,Solar,0.000,2020-01-14T17:00:00Z,2020-01-14,35
2020-01-14T17:58:09Z,Wind generation,Wind Onshore,4896.293,2020-01-14T16:30:00Z,2020-01-14,34
2020-01-14T17:58:09Z,Wind generation,Wind Offshore,5093.301,2020-01-14T16:30:00Z,2020-01-14,34
2020-01-14T17:58:09Z,Solar generation,Solar,0.000,2020-01-14T16:30:00Z,2020-01-14,34
2020-01-14T17:28:10Z,Wind generation,Wind Onshore,4781.750,2020-01-14T16:00:00Z,2020-01-14,33
2020-01-14T17:28:10Z,Wind generation,Wind Offshore,5233.200,2020-01-14T16:00:00Z,2020-01-14,33
2020-01-14T17:28:10Z,Solar generation,Solar,0.000,2020-01-14T16:00:00Z,2020-01-14,33
2020-01-14T16:58:10Z,Wind generation,Wind Onshore,2482.963,2020-01-14T15:30:00Z,2020-01-14,32
2020-01-14T16:58:10Z,Wind generation,Wind Offshore,195.851,2020-01-14T15:30:00Z,2020-01-14,32
2020-01-14T16:58:10Z,Solar generation,Solar,19.000,2020-01-14T15:30:00Z,2020-01-14,32
2020-01-14T16:28:10Z,Wind generation,Wind Onshore,2482.963,2020-01-14T15:00:00Z,2020-01-14,31
2020-01-14T16:28:10Z,Wind generation,Wind Offshore,195.851,2020-01-14T15:00:00Z,2020-01-14,31
2020-01-14T16:28:10Z,Solar generation,Solar,76.000,2020-01-14T15:00:00Z,2020-01-14,31
2020-01-14T15:58:09Z,Wind generation,Wind Onshore,4980.335,2020-01-14T14:30:00Z,2020-01-14,30
2020-01-14T15:58:09Z,Wind generation,Wind Offshore,5337.142,2020-01-14T14:30:00Z,2020-01-14,30
2020-01-14T15:58:09Z,Solar generation,Solar,98.000,2020-01-14T14:30:00Z,2020-01-14,30
2020-01-14T15:28:10Z,Wind generation,Wind Onshore,5205.916,2020-01-14T14:00:00Z,2020-01-14,29
2020-01-14T15:28:10Z,Wind generation,Wind Offshore,5336.425,2020-01-14T14:00:00Z,2020-01-14,29
2020-01-14T15:28:10Z,Solar generation,Solar,244.000,2020-01-14T14:00:00Z,2020-01-14,29
2020-01-14T14:58:09Z,Wind generation,Wind Onshore,5492.931,2020-01-14T13:30:00Z,2020-01-14,28
2020-01-14T14:58:09Z,Wind generation,Wind Offshore,5209.189,2020-01-14T13:30:00Z,2020-01-14,28
2020-01-14T14:58:09Z,Solar generation,Solar,330.000,2020-01-14T13:30:00Z,2020-01-14,28
2020-01-14T14:28:10Z,Wind generation,Wind Onshore,5718.685,2020-01-14T13:00:00Z,2020-01-14,27
2020-01-14T14:28:10Z,Wind generation,Wind Offshore,5302.291,2020-01-14T13:00:00Z,2020-01-14,27
2020-01-14T14:28:10Z,Solar generation,Solar,426.000,2020-01-14T13:00:00Z,2020-01-14,27
2020-01-14T13:58:09Z,Wind generation,Wind Onshore,6061.368,2020-01-14T12:30:00Z,2020-01-14,26
2020-01-14T13:58:09Z,Wind generation,Wind Offshore,5552.324,2020-01-14T12:30:00Z,2020-01-14,26
2020-01-14T13:58:09Z,Solar generation,Solar,459.000,2020-01-14T12:30:00Z,2020-01-14,26
2020-01-14T13:28:09Z,Wind generation,Wind Onshore,6336.491,2020-01-14T12:00:00Z,2020-01-14,25
2020-01-14T13:28:09Z,Wind generation,Wind Offshore,5519.151,2020-01-14T12:00:00Z,2020-01-14,25
2020-01-14T13:28:09Z,Solar generation,Solar,458.000,2020-01-14T12:00:00Z,2020-01-14,25
2020-01-14T12:58:10Z,Wind generation,Wind Onshore,6335.580,2020-01-14T11:30:00Z,2020-01-14,24
2020-01-14T12:58:10Z,Wind generation,Wind Offshore,5568.424,2020-01-14T11:30:00Z,2020-01-14,24
2020-01-14T12:58:10Z,Solar generation,Solar,479.000,2020-01-14T11:30:00Z,2020-01-14,24
2020-01-14T12:28:09Z,Wind generation,Wind Onshore,6380.071,2020-01-14T11:00:00Z,2020-01-14,23
2020-01-14T12:28:09Z,Wind generation,Wind Offshore,5883.443,2020-01-14T11:00:00Z,2020-01-14,23
2020-01-14T12:28:09Z,Solar generation,Solar,458.000,2020-01-14T11:00:00Z,2020-01-14,23
2020-01-14T11:58:09Z,Wind generation,Wind Onshore,6080.372,2020-01-14T10:30:00Z,2020-01-14,22
2020-01-14T11:58:09Z,Wind generation,Wind Offshore,5995.382,2020-01-14T10:30:00Z,2020-01-14,22
2020-01-14T11:58:09Z,Solar generation,Solar,412.000,2020-01-14T10:30:00Z,2020-01-14,22
2020-01-14T11:28:10Z,Wind generation,Wind Onshore,6015.687,2020-01-14T10:00:00Z,2020-01-14,21
2020-01-14T11:28:10Z,Wind generation,Wind Offshore,5667.688,2020-01-14T10:00:00Z,2020-01-14,21
2020-01-14T11:28:10Z,Solar generation,Solar,357.000,2020-01-14T10:00:00Z,2020-01-14,21
2020-01-14T10:58:10Z,Wind generation,Wind Onshore,6004.533,2020-01-14T09:30:00Z,2020-01-14,20
2020-01-14T10:58:10Z,Wind generation,Wind Offshore,5704.549,2020-01-14T09:30:00Z,2020-01-14,20
2020-01-14T10:58:10Z,Solar generation,Solar,247.000,2020-01-14T09:30:00Z,2020-01-14,20
2020-01-14T10:28:10Z,Wind generation,Wind Onshore,5523.261,2020-01-14T09:00:00Z,2020-01-14,19
2020-01-14T10:28:10Z,Wind generation,Wind Offshore,5723.729,2020-01-14T09:00:00Z,2020-01-14,19
2020-01-14T10:28:10Z,Solar generation,Solar,154.000,2020-01-14T09:00:00Z,2020-01-14,19
2020-01-14T09:58:10Z,Wind generation,Wind Onshore,5591.389,2020-01-14T08:30:00Z,2020-01-14,18
2020-01-14T09:58:10Z,Wind generation,Wind Offshore,5785.082,2020-01-14T08:30:00Z,2020-01-14,18
2020-01-14T09:58:10Z,Solar generation,Solar,54.000,2020-01-14T08:30:00Z,2020-01-14,18
2020-01-14T09:28:09Z,Wind generation,Wind Onshore,5562.133,2020-01-14T08:00:00Z,2020-01-14,17
2020-01-14T09:28:09Z,Wind generation,Wind Offshore,5951.935,2020-01-14T08:00:00Z,2020-01-14,17
2020-01-14T09:28:09Z,Solar generation,Solar,3.000,2020-01-14T08:00:00Z,2020-01-14,17
2020-01-14T08:58:10Z,Wind generation,Wind Onshore,5590.867,2020-01-14T07:30:00Z,2020-01-14,16
2020-01-14T08:58:10Z,Wind generation,Wind Offshore,5812.504,2020-01-14T07:30:00Z,2020-01-14,16
2020-01-14T08:58:10Z,Solar generation,Solar,0.000,2020-01-14T07:30:00Z,2020-01-14,16
2020-01-14T08:28:10Z,Wind generation,Wind Onshore,5411.973,2020-01-14T07:00:00Z,2020-01-14,15
2020-01-14T08:28:10Z,Wind generation,Wind Offshore,5870.068,2020-01-14T07:00:00Z,2020-01-14,15
2020-01-14T08:28:10Z,Solar generation,Solar,0.000,2020-01-14T07:00:00Z,2020-01-14,15
2020-01-14T07:58:09Z,Wind generation,Wind Onshore,4984.815,2020-01-14T06:30:00Z,2020-01-14,14
2020-01-14T07:58:09Z,Wind generation,Wind Offshore,5709.053,2020-01-14T06:30:00Z,2020-01-14,14
2020-01-14T07:58:09Z,Solar generation,Solar,0.000,2020-01-14T06:30:00Z,2020-01-14,14
2020-01-14T07:28:09Z,Wind generation,Wind Onshore,4480.818,2020-01-14T06:00:00Z,2020-01-14,13
2020-01-14T07:28:09Z,Wind generation,Wind Offshore,5798.298,2020-01-14T06:00:00Z,2020-01-14,13
2020-01-14T07:28:09Z,Solar generation,Solar,0.000,2020-01-14T06:00:00Z,2020-01-14,13
2020-01-14T06:58:09Z,Wind generation,Wind Onshore,4285.025,2020-01-14T05:30:00Z,2020-01-14,12
2020-01-14T06:58:09Z,Wind generation,Wind Offshore,5616.443,2020-01-14T05:30:00Z,2020-01-14,12
2020-01-14T06:58:09Z,Solar generation,Solar,0.000,2020-01-14T05:30:00Z,2020-01-14,12
2020-01-14T06:28:11Z,Wind generation,Wind Onshore,4346.360,2020-01-14T05:00:00Z,2020-01-14,11
2020-01-14T06:28:11Z,Wind generation,Wind Offshore,5710.598,2020-01-14T05:00:00Z,2020-01-14,11
2020-01-14T06:28:11Z,Solar generation,Solar,0.000,2020-01-14T05:00:00Z,2020-01-14,11
2020-01-14T05:58:09Z,Wind generation,Wind Onshore,4434.460,2020-01-14T04:30:00Z,2020-01-14,10
2020-01-14T05:58:09Z,Wind generation,Wind Offshore,5675.150,2020-01-14T04:30:00Z,2020-01-14,10
2020-01-14T05:58:09Z,Solar generation,Solar,0.000,2020-01-14T04:30:00Z,2020-01-14,10
2020-01-14T05:28:11Z,Wind generation,Wind Onshore,4394.812,2020-01-14T04:00:00Z,2020-01-14,9
2020-01-14T05:28:11Z,Wind generation,Wind Offshore,5828.259,2020-01-14T04:00:00Z,2020-01-14,9
2020-01-14T05:28:11Z,Solar generation,Solar,0.000,2020-01-14T04:00:00Z,2020-01-14,9
2020-01-14T04:58:09Z,Wind generation,Wind Onshore,4487.110,2020-01-14T03:30:00Z,2020-01-14,8
2020-01-14T04:58:09Z,Wind generation,Wind Offshore,5900.978,2020-01-14T03:30:00Z,2020-01-14,8
2020-01-14T04:58:09Z,Solar generation,Solar,0.000,2020-01-14T03:30:00Z,2020-01-14,8
2020-01-14T04:28:09Z,Wind generation,Wind Onshore,4556.339,2020-01-14T03:00:00Z,2020-01-14,7
2020-01-14T04:28:09Z,Wind generation,Wind Offshore,5927.549,2020-01-14T03:00:00Z,2020-01-14,7
2020-01-14T04:28:09Z,Solar generation,Solar,0.000,2020-01-14T03:00:00Z,2020-01-14,7
2020-01-14T03:58:09Z,Wind generation,Wind Onshore,4625.290,2020-01-14T02:30:00Z,2020-01-14,6
2020-01-14T03:58:09Z,Wind generation,Wind Offshore,5815.767,2020-01-14T02:30:00Z,2020-01-14,6
2020-01-14T03:58:09Z,Solar generation,Solar,0.000,2020-01-14T02:30:00Z,2020-01-14,6
2020-01-14T03:28:09Z,Wind generation,Wind Onshore,4509.393,2020-01-14T02:00:00Z,2020-01-14,5
2020-01-14T03:28:09Z,Wind generation,Wind Offshore,6001.556,2020-01-14T02:00:00Z,2020-01-14,5
2020-01-14T03:28:09Z,Solar generation,Solar,0.000,2020-01-14T02:00:00Z,2020-01-14,5
2020-01-14T02:58:09Z,Wind generation,Wind Onshore,4616.473,2020-01-14T01:30:00Z,2020-01-14,4
2020-01-14T02:58:09Z,Wind generation,Wind Offshore,5999.552,2020-01-14T01:30:00Z,2020-01-14,4
2020-01-14T02:58:09Z,Solar generation,Solar,0.000,2020-01-14T01:30:00Z,2020-01-14,4
2020-01-14T02:28:10Z,Wind generation,Wind Onshore,4643.969,2020-01-14T01:00:00Z,2020-01-14,3
2020-01-14T02:28:10Z,Wind generation,Wind Offshore,5904.307,2020-01-14T01:00:00Z,2020-01-14,3
2020-01-14T02:28:10Z,Solar generation,Solar,0.000,2020-01-14T01:00:00Z,2020-01-14,3
2020-01-14T01:58:08Z,Wind generation,Wind Onshore,4895.985,2020-01-14T00:30:00Z,2020-01-14,2
2020-01-14T01:58:08Z,Wind generation,Wind Offshore,6107.432,2020-01-14T00:30:00Z,2020-01-14,2
2020-01-14T01:58:08Z,Solar generation,Solar,0.000,2020-01-14T00:30:00Z,2020-01-14,2
2020-01-14T01:28:09Z,Wind generation,Wind Onshore,5110.921,2020-01-14T00:00:00Z,2020-01-14,1
2020-01-14T01:28:09Z,Wind generation,Wind Offshore,6345.519,2020-01-14T00:00:00Z,2020-01-14,1
2020-01-14T01:28:09Z,Solar generation,Solar,0.000,2020-01-14T00:00:00Z,2020-01-14,1
2020-01-14T00:58:09Z,Wind generation,Wind Onshore,5078.655,2020-01-13T23:30:00Z,2020-01-13,48
2020-01-14T00:58:09Z,Wind generation,Wind Offshore,6361.468,2020-01-13T23:30:00Z,2020-01-13,48
2020-01-14T00:58:09Z,Solar generation,Solar,0.000,2020-01-13T23:30:00Z,2020-01-13,48
2020-01-14T00:28:09Z,Wind generation,Wind Onshore,5043.702,2020-01-13T23:00:00Z,2020-01-13,47
2020-01-14T00:28:09Z,Wind generation,Wind Offshore,6184.359,2020-01-13T23:00:00Z,2020-01-13,47
2020-01-14T00:28:09Z,Solar generation,Solar,0.000,2020-01-13T23:00:00Z,2020-01-13,47
2020-01-13T23:58:09Z,Wind generation,Wind Onshore,5497.706,2020-01-13T22:30:00Z,2020-01-13,46
2020-01-13T23:58:09Z,Wind generation,Wind Offshore,6126.840,2020-01-13T22:30:00Z,2020-01-13,46
2020-01-13T23:58:09Z,Solar generation,Solar,0.000,2020-01-13T22:30:00Z,2020-01-13,46
2020-01-13T23:28:09Z,Wind generation,Wind Onshore,5218.653,2020-01-13T22:00:00Z,2020-01-13,45
2020-01-13T23:28:09Z,Wind generation,Wind Offshore,6089.018,2020-01-13T22:00:00Z,2020-01-13,45
2020-01-13T23:28:09Z,Solar generation,Solar,0.000,2020-01-13T22:00:00Z,2020-01-13,45
2020-01-13T22:58:08Z,Wind generation,Wind Onshore,5475.437,2020-01-13T21:30:00Z,2020-01-13,44
2020-01-13T22:58:08Z,Wind generation,Wind Offshore,6068.550,2020-01-13T21:30:00Z,2020-01-13,44
2020-01-13T22:58:08Z,Solar generation,Solar,0.000,2020-01-13T21:30:00Z,2020-01-13,44
2020-01-13T22:28:09Z,Wind generation,Wind Onshore,5758.727,2020-01-13T21:00:00Z,2020-01-13,43
2020-01-13T22:28:09Z,Wind generation,Wind Offshore,6006.398,2020-01-13T21:00:00Z,2020-01-13,43
2020-01-13T22:28:09Z,Solar generation,Solar,0.000,2020-01-13T21:00:00Z,2020-01-13,43
2020-01-13T21:58:09Z,Wind generation,Wind Onshore,6163.618,2020-01-13T20:30:00Z,2020-01-13,42
2020-01-13T21:58:09Z,Wind generation,Wind Offshore,6163.538,2020-01-13T20:30:00Z,2020-01-13,42
2020-01-13T21:58:09Z,Solar generation,Solar,0.000,2020-01-13T20:30:00Z,2020-01-13,42
2020-01-13T21:28:09Z,Wind generation,Wind Onshore,6342.694,2020-01-13T20:00:00Z,2020-01-13,41
2020-01-13T21:28:09Z,Wind generation,Wind Offshore,6194.030,2020-01-13T20:00:00Z,2020-01-13,41
2020-01-13T21:28:09Z,Solar generation,Solar,0.000,2020-01-13T20:00:00Z,2020-01-13,41
2020-01-13T20:58:09Z,Wind generation,Wind Onshore,6732.178,2020-01-13T19:30:00Z,2020-01-13,40
2020-01-13T20:58:09Z,Wind generation,Wind Offshore,6203.852,2020-01-13T19:30:00Z,2020-01-13,40
2020-01-13T20:58:09Z,Solar generation,Solar,0.000,2020-01-13T19:30:00Z,2020-01-13,40
2020-01-13T20:28:09Z,Wind generation,Wind Onshore,7142.834,2020-01-13T19:00:00Z,2020-01-13,39
2020-01-13T20:28:09Z,Wind generation,Wind Offshore,6025.821,2020-01-13T19:00:00Z,2020-01-13,39
2020-01-13T20:28:09Z,Solar generation,Solar,0.000,2020-01-13T19:00:00Z,2020-01-13,39
2020-01-13T19:58:09Z,Wind generation,Wind Onshore,7554.014,2020-01-13T18:30:00Z,2020-01-13,38
2020-01-13T19:58:09Z,Wind generation,Wind Offshore,5984.391,2020-01-13T18:30:00Z,2020-01-13,38
2020-01-13T19:58:09Z,Solar generation,Solar,0.000,2020-01-13T18:30:00Z,2020-01-13,38
2020-01-13T19:28:09Z,Wind generation,Wind Onshore,7620.627,2020-01-13T18:00:00Z,2020-01-13,37
2020-01-13T19:28:09Z,Wind generation,Wind Offshore,5977.718,2020-01-13T18:00:00Z,2020-01-13,37
2020-01-13T19:28:09Z,Solar generation,Solar,0.000,2020-01-13T18:00:00Z,2020-01-13,37
2020-01-13T18:58:09Z,Wind generation,Wind Onshore,3150.013,2020-01-13T17:30:00Z,2020-01-13,36
2020-01-13T18:58:09Z,Wind generation,Wind Offshore,229.453,2020-01-13T17:30:00Z,2020-01-13,36
2020-01-13T18:58:09Z,Solar generation,Solar,0.000,2020-01-13T17:30:00Z,2020-01-13,36
2020-01-13T18:28:09Z,Wind generation,Wind Onshore,7415.458,2020-01-13T17:00:00Z,2020-01-13,35
2020-01-13T18:28:09Z,Wind generation,Wind Offshore,6073.123,2020-01-13T17:00:00Z,2020-01-13,35
2020-01-13T18:28:09Z,Solar generation,Solar,0.000,2020-01-13T17:00:00Z,2020-01-13,35
2020-01-13T17:58:09Z,Wind generation,Wind Onshore,6418.258,2020-01-13T16:30:00Z,2020-01-13,34
2020-01-13T17:58:09Z,Wind generation,Wind Offshore,6052.298,2020-01-13T16:30:00Z,2020-01-13,34
2020-01-13T17:58:09Z,Solar generation,Solar,0.000,2020-01-13T16:30:00Z,2020-01-13,34
2020-01-13T17:28:10Z,Wind generation,Wind Onshore,6413.825,2020-01-13T16:00:00Z,2020-01-13,33
2020-01-13T17:28:10Z,Wind generation,Wind Offshore,6127.921,2020-01-13T16:00:00Z,2020-01-13,33
2020-01-13T17:28:10Z,Solar generation,Solar,0.000,2020-01-13T16:00:00Z,2020-01-13,33
2020-01-13T16:58:09Z,Wind generation,Wind Onshore,6220.580,2020-01-13T15:30:00Z,2020-01-13,32
2020-01-13T16:58:09Z,Wind generation,Wind Offshore,6135.131,2020-01-13T15:30:00Z,2020-01-13,32
2020-01-13T16:58:09Z,Solar generation,Solar,7.000,2020-01-13T15:30:00Z,2020-01-13,32
2020-01-13T16:28:10Z,Wind generation,Wind Onshore,6204.533,2020-01-13T15:00:00Z,2020-01-13,31
2020-01-13T16:28:10Z,Wind generation,Wind Offshore,6180.933,2020-01-13T15:00:00Z,2020-01-13,31
2020-01-13T16:28:10Z,Solar generation,Solar,54.000,2020-01-13T15:00:00Z,2020-01-13,31
2020-01-13T15:58:10Z,Wind generation,Wind Onshore,6368.934,2020-01-13T14:30:00Z,2020-01-13,30
2020-01-13T15:58:10Z,Wind generation,Wind Offshore,6236.302,2020-01-13T14:30:00Z,2020-01-13,30
2020-01-13T15:58:10Z,Solar generation,Solar,161.000,2020-01-13T14:30:00Z,2020-01-13,30
2020-01-13T15:28:10Z,Wind generation,Wind Onshore,6449.931,2020-01-13T14:00:00Z,2020-01-13,29
2020-01-13T15:28:10Z,Wind generation,Wind Offshore,6315.548,2020-01-13T14:00:00Z,2020-01-13,29
2020-01-13T15:28:10Z,Solar generation,Solar,294.000,2020-01-13T14:00:00Z,2020-01-13,29
2020-01-13T14:58:10Z,Wind generation,Wind Onshore,6438.480,2020-01-13T13:30:00Z,2020-01-13,28
2020-01-13T14:58:10Z,Wind generation,Wind Offshore,6282.590,2020-01-13T13:30:00Z,2020-01-13,28
2020-01-13T14:58:10Z,Solar generation,Solar,614.000,2020-01-13T13:30:00Z,2020-01-13,28
2020-01-13T14:28:09Z,Wind generation,Wind Onshore,6474.810,2020-01-13T13:00:00Z,2020-01-13,27
2020-01-13T14:28:09Z,Wind generation,Wind Offshore,6320.692,2020-01-13T13:00:00Z,2020-01-13,27
2020-01-13T14:28:09Z,Solar generation,Solar,811.000,2020-01-13T13:00:00Z,2020-01-13,27
2020-01-13T13:58:09Z,Wind generation,Wind Onshore,6524.509,2020-01-13T12:30:00Z,2020-01-13,26
2020-01-13T13:58:09Z,Wind generation,Wind Offshore,6284.472,2020-01-13T12:30:00Z,2020-01-13,26
2020-01-13T13:58:09Z,Solar generation,Solar,1065.000,2020-01-13T12:30:00Z,2020-01-13,26
2020-01-13T13:28:10Z,Wind generation,Wind Onshore,6260.800,2020-01-13T12:00:00Z,2020-01-13,25
2020-01-13T13:28:10Z,Wind generation,Wind Offshore,6188.624,2020-01-13T12:00:00Z,2020-01-13,25
2020-01-13T13:28:10Z,Solar generation,Solar,1221.000,2020-01-13T12:00:00Z,2020-01-13,25
2020-01-13T12:58:08Z,Wind generation,Wind Onshore,6193.709,2020-01-13T11:30:00Z,2020-01-13,24
2020-01-13T12:58:08Z,Wind generation,Wind Offshore,6119.016,2020-01-13T11:30:00Z,2020-01-13,24
2020-01-13T12:58:08Z,Solar generation,Solar,950.000,2020-01-13T11:30:00Z,2020-01-13,24
2020-01-13T12:28:09Z,Wind generation,Wind Onshore,6020.574,2020-01-13T11:00:00Z,2020-01-13,23
2020-01-13T12:28:09Z,Wind generation,Wind Offshore,5992.329,2020-01-13T11:00:00Z,2020-01-13,23
2020-01-13T12:28:09Z,Solar generation,Solar,969.000,2020-01-13T11:00:00Z,2020-01-13,23
2020-01-13T11:58:09Z,Wind generation,Wind Onshore,5712.830,2020-01-13T10:30:00Z,2020-01-13,22
2020-01-13T11:58:09Z,Wind generation,Wind Offshore,5946.878,2020-01-13T10:30:00Z,2020-01-13,22
2020-01-13T11:58:09Z,Solar generation,Solar,1198.000,2020-01-13T10:30:00Z,2020-01-13,22
2020-01-13T11:28:10Z,Wind generation,Wind Onshore,5551.646,2020-01-13T10:00:00Z,2020-01-13,21
2020-01-13T11:28:10Z,Wind generation,Wind Offshore,5737.768,2020-01-13T10:00:00Z,2020-01-13,21
2020-01-13T11:28:10Z,Solar generation,Solar,1110.000,2020-01-13T10:00:00Z,2020-01-13,21
2020-01-13T10:58:11Z,Wind generation,Wind Onshore,2200.437,2020-01-13T09:30:00Z,2020-01-13,20
2020-01-13T10:58:11Z,Wind generation,Wind Offshore,139.434,2020-01-13T09:30:00Z,2020-01-13,20
2020-01-13T10:58:11Z,Solar generation,Solar,987.000,2020-01-13T09:30:00Z,2020-01-13,20
2020-01-13T10:28:10Z,Wind generation,Wind Onshore,5189.125,2020-01-13T09:00:00Z,2020-01-13,19
2020-01-13T10:28:10Z,Wind generation,Wind Offshore,4996.953,2020-01-13T09:00:00Z,2020-01-13,19
2020-01-13T10:28:10Z,Solar generation,Solar,559.000,2020-01-13T09:00:00Z,2020-01-13,19
2020-01-13T09:58:11Z,Wind generation,Wind Onshore,5190.322,2020-01-13T08:30:00Z,2020-01-13,18
2020-01-13T09:58:11Z,Wind generation,Wind Offshore,4968.117,2020-01-13T08:30:00Z,2020-01-13,18
2020-01-13T09:58:11Z,Solar generation,Solar,163.000,2020-01-13T08:30:00Z,2020-01-13,18
2020-01-13T09:28:09Z,Wind generation,Wind Onshore,4961.826,2020-01-13T08:00:00Z,2020-01-13,17
2020-01-13T09:28:09Z,Wind generation,Wind Offshore,5120.859,2020-01-13T08:00:00Z,2020-01-13,17
2020-01-13T09:28:09Z,Solar generation,Solar,15.000,2020-01-13T08:00:00Z,2020-01-13,17
2020-01-13T08:58:10Z,Wind generation,Wind Onshore,1917.047,2020-01-13T07:30:00Z,2020-01-13,16
2020-01-13T08:58:10Z,Wind generation,Wind Offshore,126.467,2020-01-13T07:30:00Z,2020-01-13,16
2020-01-13T08:58:10Z,Solar generation,Solar,0.000,2020-01-13T07:30:00Z,2020-01-13,16
2020-01-13T08:28:09Z,Wind generation,Wind Onshore,4701.550,2020-01-13T07:00:00Z,2020-01-13,15
2020-01-13T08:28:09Z,Wind generation,Wind Offshore,4738.816,2020-01-13T07:00:00Z,2020-01-13,15
2020-01-13T08:28:09Z,Solar generation,Solar,0.000,2020-01-13T07:00:00Z,2020-01-13,15
2020-01-13T07:58:09Z,Wind generation,Wind Onshore,4474.111,2020-01-13T06:30:00Z,2020-01-13,14
2020-01-13T07:58:09Z,Wind generation,Wind Offshore,4749.838,2020-01-13T06:30:00Z,2020-01-13,14
2020-01-13T07:58:09Z,Solar generation,Solar,0.000,2020-01-13T06:30:00Z,2020-01-13,14
2020-01-13T07:28:10Z,Wind generation,Wind Onshore,1844.806,2020-01-13T06:00:00Z,2020-01-13,13
2020-01-13T07:28:10Z,Wind generation,Wind Offshore,127.233,2020-01-13T06:00:00Z,2020-01-13,13
2020-01-13T07:28:10Z,Solar generation,Solar,0.000,2020-01-13T06:00:00Z,2020-01-13,13
2020-01-13T06:58:09Z,Wind generation,Wind Onshore,4096.713,2020-01-13T05:30:00Z,2020-01-13,12
2020-01-13T06:58:09Z,Wind generation,Wind Offshore,4521.077,2020-01-13T05:30:00Z,2020-01-13,12
2020-01-13T06:58:09Z,Solar generation,Solar,0.000,2020-01-13T05:30:00Z,2020-01-13,12
2020-01-13T06:28:11Z,Wind generation,Wind Onshore,3937.224,2020-01-13T05:00:00Z,2020-01-13,11
2020-01-13T06:28:11Z,Wind generation,Wind Offshore,4592.959,2020-01-13T05:00:00Z,2020-01-13,11
2020-01-13T06:28:11Z,Solar generation,Solar,0.000,2020-01-13T05:00:00Z,2020-01-13,11
2020-01-13T05:58:09Z,Wind generation,Wind Onshore,4189.918,2020-01-13T04:30:00Z,2020-01-13,10
2020-01-13T05:58:09Z,Wind generation,Wind Offshore,4495.699,2020-01-13T04:30:00Z,2020-01-13,10
2020-01-13T05:58:09Z,Solar generation,Solar,0.000,2020-01-13T04:30:00Z,2020-01-13,10
2020-01-13T05:28:10Z,Wind generation,Wind Onshore,4299.299,2020-01-13T04:00:00Z,2020-01-13,9
2020-01-13T05:28:10Z,Wind generation,Wind Offshore,4317.396,2020-01-13T04:00:00Z,2020-01-13,9
2020-01-13T05:28:10Z,Solar generation,Solar,0.000,2020-01-13T04:00:00Z,2020-01-13,9
2020-01-13T04:58:10Z,Wind generation,Wind Onshore,4201.145,2020-01-13T03:30:00Z,2020-01-13,8
2020-01-13T04:58:10Z,Wind generation,Wind Offshore,3970.032,2020-01-13T03:30:00Z,2020-01-13,8
2020-01-13T04:58:10Z,Solar generation,Solar,0.000,2020-01-13T03:30:00Z,2020-01-13,8
2020-01-13T04:28:10Z,Wind generation,Wind Onshore,3990.629,2020-01-13T03:00:00Z,2020-01-13,7
2020-01-13T04:28:10Z,Wind generation,Wind Offshore,4181.625,2020-01-13T03:00:00Z,2020-01-13,7
2020-01-13T04:28:10Z,Solar generation,Solar,0.000,2020-01-13T03:00:00Z,2020-01-13,7
2020-01-13T03:58:09Z,Wind generation,Wind Onshore,3867.808,2020-01-13T02:30:00Z,2020-01-13,6
2020-01-13T03:58:09Z,Wind generation,Wind Offshore,4312.179,2020-01-13T02:30:00Z,2020-01-13,6
2020-01-13T03:58:09Z,Solar generation,Solar,0.000,2020-01-13T02:30:00Z,2020-01-13,6
2020-01-13T03:28:09Z,Wind generation,Wind Onshore,3943.113,2020-01-13T02:00:00Z,2020-01-13,5
2020-01-13T03:28:09Z,Wind generation,Wind Offshore,4271.603,2020-01-13T02:00:00Z,2020-01-13,5
2020-01-13T03:28:09Z,Solar generation,Solar,0.000,2020-01-13T02:00:00Z,2020-01-13,5
2020-01-13T02:58:09Z,Wind generation,Wind Onshore,4056.768,2020-01-13T01:30:00Z,2020-01-13,4
2020-01-13T02:58:09Z,Wind generation,Wind Offshore,4273.135,2020-01-13T01:30:00Z,2020-01-13,4
2020-01-13T02:58:09Z,Solar generation,Solar,0.000,2020-01-13T01:30:00Z,2020-01-13,4
2020-01-13T02:28:10Z,Wind generation,Wind Onshore,4190.389,2020-01-13T01:00:00Z,2020-01-13,3
2020-01-13T02:28:10Z,Wind generation,Wind Offshore,4310.263,2020-01-13T01:00:00Z,2020-01-13,3
2020-01-13T02:28:10Z,Solar generation,Solar,0.000,2020-01-13T01:00:00Z,2020-01-13,3
2020-01-13T01:58:08Z,Wind generation,Wind Onshore,4503.213,2020-01-13T00:30:00Z,2020-01-13,2
2020-01-13T01:58:08Z,Wind generation,Wind Offshore,3944.269,2020-01-13T00:30:00Z,2020-01-13,2
2020-01-13T01:58:08Z,Solar generation,Solar,0.000,2020-01-13T00:30:00Z,2020-01-13,2
2020-01-13T01:28:09Z,Wind generation,Wind Onshore,4486.008,2020-01-13T00:00:00Z,2020-01-13,1
2020-01-13T01:28:09Z,Wind generation,Wind Offshore,3727.709,2020-01-13T00:00:00Z,2020-01-13,1
2020-01-13T01:28:09Z,Solar generation,Solar,0.000,2020-01-13T00:00:00Z,2020-01-13,1
2020-01-13T00:58:09Z,Wind generation,Wind Onshore,4352.772,2020-01-12T23:30:00Z,2020-01-12,48
2020-01-13T00:58:09Z,Wind generation,Wind Offshore,3491.555,2020-01-12T23:30:00Z,2020-01-12,48
2020-01-13T00:58:09Z,Solar generation,Solar,0.000,2020-01-12T23:30:00Z,2020-01-12,48
2020-01-13T00:28:10Z,Wind generation,Wind Onshore,4431.904,2020-01-12T23:00:00Z,2020-01-12,47
2020-01-13T00:28:10Z,Wind generation,Wind Offshore,3419.513,2020-01-12T23:00:00Z,2020-01-12,47
2020-01-13T00:28:10Z,Solar generation,Solar,0.000,2020-01-12T23:00:00Z,2020-01-12,47
2020-01-12T23:58:09Z,Wind generation,Wind Onshore,4440.546,2020-01-12T22:30:00Z,2020-01-12,46
2020-01-12T23:58:09Z,Wind generation,Wind Offshore,3506.015,2020-01-12T22:30:00Z,2020-01-12,46
2020-01-12T23:58:09Z,Solar generation,Solar,0.000,2020-01-12T22:30:00Z,2020-01-12,46
2020-01-12T23:28:09Z,Wind generation,Wind Onshore,4595.169,2020-01-12T22:00:00Z,2020-01-12,45
2020-01-12T23:28:09Z,Wind generation,Wind Offshore,3249.178,2020-01-12T22:00:00Z,2020-01-12,45
2020-01-12T23:28:09Z,Solar generation,Solar,0.000,2020-01-12T22:00:00Z,2020-01-12,45
2020-01-12T22:58:08Z,Wind generation,Wind Onshore,4898.125,2020-01-12T21:30:00Z,2020-01-12,44
2020-01-12T22:58:08Z,Wind generation,Wind Offshore,3354.101,2020-01-12T21:30:00Z,2020-01-12,44
2020-01-12T22:58:08Z,Solar generation,Solar,0.000,2020-01-12T21:30:00Z,2020-01-12,44
2020-01-12T22:28:09Z,Wind generation,Wind Onshore,4907.489,2020-01-12T21:00:00Z,2020-01-12,43
2020-01-12T22:28:09Z,Wind generation,Wind Offshore,3264.201,2020-01-12T21:00:00Z,2020-01-12,43
2020-01-12T22:28:09Z,Solar generation,Solar,1.000,2020-01-12T21:00:00Z,2020-01-12,43
2020-01-12T21:58:09Z,Wind generation,Wind Onshore,4897.857,2020-01-12T20:30:00Z,2020-01-12,42
2020-01-12T21:58:09Z,Wind generation,Wind Offshore,3480.045,2020-01-12T20:30:00Z,2020-01-12,42
2020-01-12T21:58:09Z,Solar generation,Solar,1.000,2020-01-12T20:30:00Z,2020-01-12,42
2020-01-12T21:28:09Z,Wind generation,Wind Onshore,4759.043,2020-01-12T20:00:00Z,2020-01-12,41
2020-01-12T21:28:09Z,Wind generation,Wind Offshore,3526.114,2020-01-12T20:00:00Z,2020-01-12,41
2020-01-12T21:28:09Z,Solar generation,Solar,0.000,2020-01-12T20:00:00Z,2020-01-12,41
2020-01-12T20:58:09Z,Wind generation,Wind Onshore,4962.900,2020-01-12T19:30:00Z,2020-01-12,40
2020-01-12T20:58:09Z,Wind generation,Wind Offshore,3239.584,2020-01-12T19:30:00Z,2020-01-12,40
2020-01-12T20:58:09Z,Solar generation,Solar,0.000,2020-01-12T19:30:00Z,2020-01-12,40
2020-01-12T20:28:10Z,Wind generation,Wind Onshore,5130.086,2020-01-12T19:00:00Z,2020-01-12,39
2020-01-12T20:28:10Z,Wind generation,Wind Offshore,3279.386,2020-01-12T19:00:00Z,2020-01-12,39
2020-01-12T20:28:10Z,Solar generation,Solar,0.000,2020-01-12T19:00:00Z,2020-01-12,39
2020-01-12T19:58:09Z,Wind generation,Wind Onshore,4954.734,2020-01-12T18:30:00Z,2020-01-12,38
2020-01-12T19:58:09Z,Wind generation,Wind Offshore,3576.322,2020-01-12T18:30:00Z,2020-01-12,38
2020-01-12T19:58:09Z,Solar generation,Solar,0.000,2020-01-12T18:30:00Z,2020-01-12,38
2020-01-12T19:28:09Z,Wind generation,Wind Onshore,5018.887,2020-01-12T18:00:00Z,2020-01-12,37
2020-01-12T19:28:09Z,Wind generation,Wind Offshore,4119.272,2020-01-12T18:00:00Z,2020-01-12,37
2020-01-12T19:28:09Z,Solar generation,Solar,0.000,2020-01-12T18:00:00Z,2020-01-12,37
2020-01-12T18:58:09Z,Wind generation,Wind Onshore,5035.624,2020-01-12T17:30:00Z,2020-01-12,36
2020-01-12T18:58:09Z,Wind generation,Wind Offshore,4036.778,2020-01-12T17:30:00Z,2020-01-12,36
2020-01-12T18:58:09Z,Solar generation,Solar,0.000,2020-01-12T17:30:00Z,2020-01-12,36
2020-01-12T18:28:10Z,Wind generation,Wind Onshore,4885.025,2020-01-12T17:00:00Z,2020-01-12,35
2020-01-12T18:28:10Z,Wind generation,Wind Offshore,4078.022,2020-01-12T17:00:00Z,2020-01-12,35
2020-01-12T18:28:10Z,Solar generation,Solar,0.000,2020-01-12T17:00:00Z,2020-01-12,35
2020-01-12T17:58:10Z,Wind generation,Wind Onshore,4795.753,2020-01-12T16:30:00Z,2020-01-12,34
2020-01-12T17:58:10Z,Wind generation,Wind Offshore,4265.401,2020-01-12T16:30:00Z,2020-01-12,34
2020-01-12T17:58:10Z,Solar generation,Solar,1.000,2020-01-12T16:30:00Z,2020-01-12,34
2020-01-12T17:28:10Z,Wind generation,Wind Onshore,4911.759,2020-01-12T16:00:00Z,2020-01-12,33
2020-01-12T17:28:10Z,Wind generation,Wind Offshore,4297.104,2020-01-12T16:00:00Z,2020-01-12,33
2020-01-12T17:28:10Z,Solar generation,Solar,18.000,2020-01-12T16:00:00Z,2020-01-12,33
2020-01-12T16:58:09Z,Wind generation,Wind Onshore,5263.477,2020-01-12T15:30:00Z,2020-01-12,32
2020-01-12T16:58:09Z,Wind generation,Wind Offshore,4608.818,2020-01-12T15:30:00Z,2020-01-12,32
2020-01-12T16:58:09Z,Solar generation,Solar,225.000,2020-01-12T15:30:00Z,2020-01-12,32
2020-01-12T16:28:10Z,Wind generation,Wind Onshore,5113.246,2020-01-12T15:00:00Z,2020-01-12,31
2020-01-12T16:28:10Z,Wind generation,Wind Offshore,4804.629,2020-01-12T15:00:00Z,2020-01-12,31
2020-01-12T16:28:10Z,Solar generation,Solar,724.000,2020-01-12T15:00:00Z,2020-01-12,31
2020-01-12T15:58:10Z,Wind generation,Wind Onshore,5232.222,2020-01-12T14:30:00Z,2020-01-12,30
2020-01-12T15:58:10Z,Wind generation,Wind Offshore,4947.647,2020-01-12T14:30:00Z,2020-01-12,30
2020-01-12T15:58:10Z,Solar generation,Solar,1290.000,2020-01-12T14:30:00Z,2020-01-12,30
2020-01-12T15:28:09Z,Wind generation,Wind Onshore,5301.507,2020-01-12T14:00:00Z,2020-01-12,29
2020-01-12T15:28:09Z,Wind generation,Wind Offshore,5222.356,2020-01-12T14:00:00Z,2020-01-12,29
2020-01-12T15:28:09Z,Solar generation,Solar,1620.000,2020-01-12T14:00:00Z,2020-01-12,29
2020-01-12T14:58:09Z,Wind generation,Wind Onshore,5216.315,2020-01-12T13:30:00Z,2020-01-12,28
2020-01-12T14:58:09Z,Wind generation,Wind Offshore,5393.800,2020-01-12T13:30:00Z,2020-01-12,28
2020-01-12T14:58:09Z,Solar generation,Solar,1900.000,2020-01-12T13:30:00Z,2020-01-12,28
2020-01-12T14:28:09Z,Wind generation,Wind Onshore,5000.373,2020-01-12T13:00:00Z,2020-01-12,27
2020-01-12T14:28:09Z,Wind generation,Wind Offshore,5357.298,2020-01-12T13:00:00Z,2020-01-12,27
2020-01-12T14:28:09Z,Solar generation,Solar,2200.000,2020-01-12T13:00:00Z,2020-01-12,27
2020-01-12T13:58:09Z,Wind generation,Wind Onshore,1945.158,2020-01-12T12:30:00Z,2020-01-12,26
2020-01-12T13:58:09Z,Wind generation,Wind Offshore,180.621,2020-01-12T12:30:00Z,2020-01-12,26
2020-01-12T13:58:09Z,Solar generation,Solar,2260.000,2020-01-12T12:30:00Z,2020-01-12,26
2020-01-12T13:28:09Z,Wind generation,Wind Onshore,4696.921,2020-01-12T12:00:00Z,2020-01-12,25
2020-01-12T13:28:09Z,Wind generation,Wind Offshore,5642.652,2020-01-12T12:00:00Z,2020-01-12,25
2020-01-12T13:28:09Z,Solar generation,Solar,2240.000,2020-01-12T12:00:00Z,2020-01-12,25
2020-01-12T12:58:09Z,Wind generation,Wind Onshore,4541.099,2020-01-12T11:30:00Z,2020-01-12,24
2020-01-12T12:58:09Z,Wind generation,Wind Offshore,5302.251,2020-01-12T11:30:00Z,2020-01-12,24
2020-01-12T12:58:09Z,Solar generation,Solar,2120.000,2020-01-12T11:30:00Z,2020-01-12,24
2020-01-12T12:28:09Z,Wind generation,Wind Onshore,4471.035,2020-01-12T11:00:00Z,2020-01-12,23
2020-01-12T12:28:09Z,Wind generation,Wind Offshore,5109.034,2020-01-12T11:00:00Z,2020-01-12,23
2020-01-12T12:28:09Z,Solar generation,Solar,2090.000,2020-01-12T11:00:00Z,2020-01-12,23
2020-01-12T11:58:09Z,Wind generation,Wind Onshore,4457.799,2020-01-12T10:30:00Z,2020-01-12,22
2020-01-12T11:58:09Z,Wind generation,Wind Offshore,4557.820,2020-01-12T10:30:00Z,2020-01-12,22
2020-01-12T11:58:09Z,Solar generation,Solar,1700.000,2020-01-12T10:30:00Z,2020-01-12,22
2020-01-12T11:28:09Z,Wind generation,Wind Onshore,4725.413,2020-01-12T10:00:00Z,2020-01-12,21
2020-01-12T11:28:09Z,Wind generation,Wind Offshore,4556.714,2020-01-12T10:00:00Z,2020-01-12,21
2020-01-12T11:28:09Z,Solar generation,Solar,1320.000,2020-01-12T10:00:00Z,2020-01-12,21
2020-01-12T10:58:09Z,Wind generation,Wind Onshore,4445.527,2020-01-12T09:30:00Z,2020-01-12,20
2020-01-12T10:58:09Z,Wind generation,Wind Offshore,4019.264,2020-01-12T09:30:00Z,2020-01-12,20
2020-01-12T10:58:09Z,Solar generation,Solar,856.000,2020-01-12T09:30:00Z,2020-01-12,20
2020-01-12T10:28:10Z,Wind generation,Wind Onshore,4297.062,2020-01-12T09:00:00Z,2020-01-12,19
2020-01-12T10:28:10Z,Wind generation,Wind Offshore,3619.955,2020-01-12T09:00:00Z,2020-01-12,19
2020-01-12T10:28:10Z,Solar generation,Solar,523.000,2020-01-12T09:00:00Z,2020-01-12,19
2020-01-12T09:58:09Z,Wind generation,Wind Onshore,4367.468,2020-01-12T08:30:00Z,2020-01-12,18
2020-01-12T09:58:09Z,Wind generation,Wind Offshore,4234.877,2020-01-12T08:30:00Z,2020-01-12,18
2020-01-12T09:58:09Z,Solar generation,Solar,133.000,2020-01-12T08:30:00Z,2020-01-12,18
2020-01-12T09:28:10Z,Wind generation,Wind Onshore,4445.882,2020-01-12T08:00:00Z,2020-01-12,17
2020-01-12T09:28:10Z,Wind generation,Wind Offshore,4006.282,2020-01-12T08:00:00Z,2020-01-12,17
2020-01-12T09:28:10Z,Solar generation,Solar,8.000,2020-01-12T08:00:00Z,2020-01-12,17
2020-01-12T08:58:09Z,Wind generation,Wind Onshore,4370.850,2020-01-12T07:30:00Z,2020-01-12,16
2020-01-12T08:58:09Z,Wind generation,Wind Offshore,3589.570,2020-01-12T07:30:00Z,2020-01-12,16
2020-01-12T08:58:09Z,Solar generation,Solar,0.000,2020-01-12T07:30:00Z,2020-01-12,16
2020-01-12T08:28:09Z,Wind generation,Wind Onshore,4187.588,2020-01-12T07:00:00Z,2020-01-12,15
2020-01-12T08:28:09Z,Wind generation,Wind Offshore,3501.970,2020-01-12T07:00:00Z,2020-01-12,15
2020-01-12T08:28:09Z,Solar generation,Solar,0.000,2020-01-12T07:00:00Z,2020-01-12,15
2020-01-12T07:58:09Z,Wind generation,Wind Onshore,3922.133,2020-01-12T06:30:00Z,2020-01-12,14
2020-01-12T07:58:09Z,Wind generation,Wind Offshore,3472.770,2020-01-12T06:30:00Z,2020-01-12,14
2020-01-12T07:58:09Z,Solar generation,Solar,0.000,2020-01-12T06:30:00Z,2020-01-12,14
2020-01-12T07:28:10Z,Wind generation,Wind Onshore,3664.453,2020-01-12T06:00:00Z,2020-01-12,13
2020-01-12T07:28:10Z,Wind generation,Wind Offshore,3771.842,2020-01-12T06:00:00Z,2020-01-12,13
2020-01-12T07:28:10Z,Solar generation,Solar,0.000,2020-01-12T06:00:00Z,2020-01-12,13
2020-01-12T06:58:10Z,Wind generation,Wind Onshore,3465.508,2020-01-12T05:30:00Z,2020-01-12,12
2020-01-12T06:58:10Z,Wind generation,Wind Offshore,3681.701,2020-01-12T05:30:00Z,2020-01-12,12
2020-01-12T06:58:10Z,Solar generation,Solar,0.000,2020-01-12T05:30:00Z,2020-01-12,12
2020-01-12T06:28:11Z,Wind generation,Wind Onshore,3337.156,2020-01-12T05:00:00Z,2020-01-12,11
2020-01-12T06:28:11Z,Wind generation,Wind Offshore,3896.149,2020-01-12T05:00:00Z,2020-01-12,11
2020-01-12T06:28:11Z,Solar generation,Solar,0.000,2020-01-12T05:00:00Z,2020-01-12,11
2020-01-12T05:58:10Z,Wind generation,Wind Onshore,3289.723,2020-01-12T04:30:00Z,2020-01-12,10
2020-01-12T05:58:10Z,Wind generation,Wind Offshore,3856.194,2020-01-12T04:30:00Z,2020-01-12,10
2020-01-12T05:58:10Z,Solar generation,Solar,0.000,2020-01-12T04:30:00Z,2020-01-12,10
2020-01-12T05:28:11Z,Wind generation,Wind Onshore,3225.921,2020-01-12T04:00:00Z,2020-01-12,9
2020-01-12T05:28:11Z,Wind generation,Wind Offshore,4028.383,2020-01-12T04:00:00Z,2020-01-12,9
2020-01-12T05:28:11Z,Solar generation,Solar,0.000,2020-01-12T04:00:00Z,2020-01-12,9
2020-01-12T04:58:09Z,Wind generation,Wind Onshore,3174.029,2020-01-12T03:30:00Z,2020-01-12,8
2020-01-12T04:58:09Z,Wind generation,Wind Offshore,4138.049,2020-01-12T03:30:00Z,2020-01-12,8
2020-01-12T04:58:09Z,Solar generation,Solar,0.000,2020-01-12T03:30:00Z,2020-01-12,8
2020-01-12T04:28:10Z,Wind generation,Wind Onshore,3150.059,2020-01-12T03:00:00Z,2020-01-12,7
2020-01-12T04:28:10Z,Wind generation,Wind Offshore,4425.095,2020-01-12T03:00:00Z,2020-01-12,7
2020-01-12T04:28:10Z,Solar generation,Solar,0.000,2020-01-12T03:00:00Z,2020-01-12,7
2020-01-12T03:58:09Z,Wind generation,Wind Onshore,1479.419,2020-01-12T02:30:00Z,2020-01-12,6
2020-01-12T03:58:09Z,Wind generation,Wind Offshore,174.660,2020-01-12T02:30:00Z,2020-01-12,6
2020-01-12T03:58:09Z,Solar generation,Solar,0.000,2020-01-12T02:30:00Z,2020-01-12,6
2020-01-12T03:28:09Z,Wind generation,Wind Onshore,3053.400,2020-01-12T02:00:00Z,2020-01-12,5
2020-01-12T03:28:09Z,Wind generation,Wind Offshore,4581.940,2020-01-12T02:00:00Z,2020-01-12,5
2020-01-12T03:28:09Z,Solar generation,Solar,0.000,2020-01-12T02:00:00Z,2020-01-12,5
2020-01-12T02:58:10Z,Wind generation,Wind Onshore,3170.087,2020-01-12T01:30:00Z,2020-01-12,4
2020-01-12T02:58:10Z,Wind generation,Wind Offshore,4790.046,2020-01-12T01:30:00Z,2020-01-12,4
2020-01-12T02:58:10Z,Solar generation,Solar,0.000,2020-01-12T01:30:00Z,2020-01-12,4
2020-01-12T02:28:10Z,Wind generation,Wind Onshore,3177.500,2020-01-12T01:00:00Z,2020-01-12,3
2020-01-12T02:28:10Z,Wind generation,Wind Offshore,5013.041,2020-01-12T01:00:00Z,2020-01-12,3
2020-01-12T02:28:10Z,Solar generation,Solar,0.000,2020-01-12T01:00:00Z,2020-01-12,3
2020-01-12T01:58:09Z,Wind generation,Wind Onshore,3299.955,2020-01-12T00:30:00Z,2020-01-12,2
2020-01-12T01:58:09Z,Wind generation,Wind Offshore,5069.985,2020-01-12T00:30:00Z,2020-01-12,2
2020-01-12T01:58:09Z,Solar generation,Solar,0.000,2020-01-12T00:30:00Z,2020-01-12,2
2020-01-12T01:28:09Z,Wind generation,Wind Onshore,3409.167,2020-01-12T00:00:00Z,2020-01-12,1
2020-01-12T01:28:09Z,Wind generation,Wind Offshore,5238.683,2020-01-12T00:00:00Z,2020-01-12,1
2020-01-12T01:28:09Z,Solar generation,Solar,0.000,2020-01-12T00:00:00Z,2020-01-12,1
